Sample_ID,Well,Plate,Country,RNA_conc(ng/µl),Aim conc (ng/µl),Final conc (ng/µl),RNA (µl),H2O (µl),End_vol (µl),,Final Conc.Total (ng),,,
CGR0430,A01,RPA0001,GER,67.5,20.0,20.3,15.0,35.0,50.0,50.0,1012.5,,,
CFR0281,B01,RPA0001,FRA,102.5,20.0,20.5,10.0,40.0,50.0,50.0,1025.0,,,
CFR0124,C01,RPA0001,FRA,160.1,20.0,19.8,6.2,44.0,50.0,50.2,988.7,,,
CGR0409,D01,RPA0001,GER,120.9,20.0,20.2,8.4,42.0,50.0,50.4,1007.5,,,
CFR0105,E01,RPA0001,FRA,41.7,20.0,20.0,24.0,26.0,50.0,50.0,1000.0,,,
CFR0221,F01,RPA0001,FRA,30.3,20.0,15.2,25.0,25.0,50.0,50.0,757.5,,,
CFR0324,G01,RPA0001,FRA,16.4,20.0,8.2,25.0,25.0,50.0,50.0,410.0,,,
CGR0273,H01,RPA0001,GER,100.3,20.0,20.0,10.0,40.0,50.0,50.0,1000.0,,,
CGR0406,A02,RPA0001,GER,168.3,20.0,20.2,6.0,44.0,50.0,50.0,1009.8,,,
CFR0428,B02,RPA0001,FRA,185,20.0,19.8,5.4,45.0,50.0,50.4,991.1,,,
CAR0353,C02,RPA0001,USA,65.3,20.0,19.6,15.0,35.0,50.0,50.0,979.5,,,
CFR0413,D02,RPA0001,FRA,141.1,20.0,19.8,7.0,43.0,50.0,50.0,987.7,,,
CFR0369,E02,RPA0001,FRA,11.7,20.0,5.9,25.0,25.0,50.0,50.0,292.5,,,
CFR0323,F02,RPA0001,FRA,85.6,20.0,17.1,10.0,40.0,50.0,50.0,856.0,,,
CFR0321,G02,RPA0001,FRA,0.6,20.0,0.3,25.0,25.0,50.0,50.0,15.0,,,
CGR0239,H02,RPA0001,GER,69.5,20.0,20.9,15.0,35.0,50.0,50.0,1042.5,,,
CGR0412,A03,RPA0001,GER,131.6,20.0,21.1,8.0,42.0,50.0,50.0,1052.8,,,
CFR0296,B03,RPA0001,FRA,411.3,20.0,19.7,2.4,47.6,50.0,50.0,987.1,,,
CGR0160,C03,RPA0001,GER,226.8,20.0,20.0,4.4,45.6,50.0,50.0,997.9,,,
DEPC,D03,RPA0001,DEPC,0,20.0,0.0,25.0,25.0,50.0,50.0,0.0,,,
CFR0448,E03,RPA0001,FRA,17.5,20.0,8.8,25.0,25.0,50.0,50.0,437.5,,,
CFR0349,F03,RPA0001,FRA,15.3,20.0,7.7,25.0,25.0,50.0,50.0,382.5,,,
CFR0089,G03,RPA0001,FRA,0,20.0,0.0,25.0,25.0,50.0,50.0,0.0,,,
CGR0197,H03,RPA0001,GER,85.2,20.0,17.0,10.0,40.0,50.0,50.0,852.0,,,
CGR0140,A04,RPA0001,GER,90.9,20.0,18.2,10.0,40.0,50.0,50.0,909.0,,,
CAR0443,B04,RPA0001,USA,0,20.0,0.0,25.0,25.0,50.0,50.0,0.0,,,
CFR0022,C04,RPA0001,FRA,86.6,20.0,17.3,10.0,40.0,50.0,50.0,866.0,,,
CAR0381,D04,RPA0001,USA,0,20.0,0.0,25.0,25.0,50.0,50.0,0.0,,,
CFR0244,E04,RPA0001,FRA,5.5,20.0,2.8,25.0,25.0,50.0,50.0,137.5,,,
CGR0202,F04,RPA0001,GER,233,20.0,20.5,4.4,45.6,50.0,50.0,1025.2,,,
CGR0426,G04,RPA0001,GER,80,20.0,24.0,15.0,35.0,50.0,50.0,1200.0,,,
CFR0456,H04,RPA0001,FRA,162.6,20.0,19.5,6.0,44.0,50.0,50.0,975.6,,,
CAR0528,A05,RPA0001,USA,0,20.0,0.0,25.0,25.0,50.0,50.0,0.0,,,
CGR0287,B05,RPA0001,GER,167.1,20.0,20.0,6.0,44.0,50.0,50.0,1000.0,,,
CGR0266,C05,RPA0001,GER,0,20.0,0.0,25.0,25.0,50.0,50.0,0.0,,,
CAR0415,D05,RPA0001,USA,0,20.0,0.0,25.0,25.0,50.0,50.0,0.0,,,
CAR0379,E05,RPA0001,USA,32.9,20.0,16.5,25.0,25.0,50.0,50.0,822.5,,,
CAR0871,F05,RPA0001,USA,12.5,20.0,6.3,25.0,25.0,50.0,50.0,312.5,,,
CFR0205,G05,RPA0001,FRA,0,20.0,0.0,25.0,25.0,50.0,50.0,0.0,,,
CFR0013,H05,RPA0001,FRA,0,20.0,0.0,25.0,25.0,50.0,50.0,0.0,,,
CFR0208,A06,RPA0001,FRA,189.1,20.0,20.3,5.4,45.0,50.0,50.4,1013.0,,,
CFR0434,B06,RPA0001,FRA,0,20.0,0.0,25.0,25.0,50.0,50.0,0.0,,,
CFR0075,C06,RPA0001,FRA,0,20.0,0.0,25.0,25.0,50.0,50.0,0.0,,,
CGR0198,D06,RPA0001,GER,94,20.0,18.8,10.0,40.0,50.0,50.0,940.0,,,
CFR0066,E06,RPA0001,FRA,0,20.0,0.0,25.0,25.0,50.0,50.0,0.0,,,
EB,F06,RPA0001,EB,0,20.0,0.0,25.0,25.0,50.0,50.0,0.0,,,
CGR0295,G06,RPA0001,GER,185.9,20.0,19.9,5.4,45.0,50.0,50.4,995.9,,,
CAR0420,H06,RPA0001,USA,14.3,20.0,7.2,25.0,25.0,50.0,50.0,357.5,,,
CFR0146,A07,RPA0001,FRA,2.6,20.0,1.3,25.0,25.0,50.0,50.0,65.0,,,
CFR0487,B07,RPA0001,FRA,0,20.0,0.0,25.0,25.0,50.0,50.0,0.0,,,
CFR0182,C07,RPA0001,FRA,0,20.0,0.0,25.0,25.0,50.0,50.0,0.0,,,
CAR0369,D07,RPA0001,USA,208.6,20.0,20.9,5.0,45.0,50.0,50.0,1043.0,,,
CGR0469,E07,RPA0001,GER,415.5,20.0,16.6,2.0,48.0,50.0,50.0,831.0,,,
CGR0238,F07,RPA0001,GER,83.4,20.0,16.7,10.0,40.0,50.0,50.0,834.0,,,
CFR0173,G07,RPA0001,FRA,203,20.0,20.3,5.0,45.0,50.0,50.0,1015.0,,,
CGR0407,H07,RPA0001,GER,69.1,20.0,20.7,15.0,35.0,50.0,50.0,1036.5,,,
CFR0407,A08,RPA0001,FRA,136.4,20.0,20.0,7.4,43.0,50.0,50.4,1001.3,,,
CFR0275,B08,RPA0001,FRA,19.3,20.0,9.7,25.0,25.0,50.0,50.0,482.5,,,
CAR0495,C08,RPA0001,USA,134.7,20.0,19.8,7.4,43.0,50.0,50.4,988.9,,,
CFR0008,D08,RPA0001,FRA,22.6,20.0,11.3,25.0,25.0,50.0,50.0,565.0,,,
CFR0046,E08,RPA0001,FRA,83.9,20.0,16.8,10.0,40.0,50.0,50.0,839.0,,,
CGR0277,F08,RPA0001,GER,74,20.0,22.2,15.0,35.0,50.0,50.0,1110.0,,,
CFR0399,G08,RPA0001,FRA,271.6,20.0,21.7,4.0,46.0,50.0,50.0,1086.4,,,
CGR0405,H08,RPA0001,GER,246.7,20.0,19.7,4.0,46.0,50.0,50.0,986.8,,,
CGR0413,A09,RPA0001,GER,93.6,20.0,18.7,10.0,40.0,50.0,50.0,936.0,,,
CFR0319,B09,RPA0001,FRA,95.4,20.0,19.1,10.0,40.0,50.0,50.0,954.0,,,
CFR0227,C09,RPA0001,FRA,101,20.0,20.2,10.0,40.0,50.0,50.0,1010.0,,,
CGR0449,D09,RPA0001,GER,93.4,20.0,18.7,10.0,40.0,50.0,50.0,934.0,,,
CGR0285,E09,RPA0001,GER,19.7,20.0,9.9,25.0,25.0,50.0,50.0,492.5,,,
blank,F09,RPA0001,BLANK,0,20.0,0.0,25.0,25.0,50.0,50.0,0.0,,,
CFR0224,G09,RPA0001,FRA,15.4,20.0,7.7,25.0,25.0,50.0,50.0,385.0,,,
CFR0120,H09,RPA0001,FRA,23.4,20.0,11.7,25.0,25.0,50.0,50.0,585.0,,,
CGR0232,A10,RPA0001,GER,28.4,20.0,14.2,25.0,25.0,50.0,50.0,710.0,,,
CAR0743,B10,RPA0001,USA,0,20.0,0.0,25.0,25.0,50.0,50.0,0.0,,,
CGR0220,C10,RPA0001,GER,89.7,20.0,17.9,10.0,40.0,50.0,50.0,897.0,,,
CFR0111,D10,RPA0001,FRA,88.8,20.0,17.8,10.0,40.0,50.0,50.0,888.0,,,
CAR0336,E10,RPA0001,USA,22.2,20.0,11.1,25.0,25.0,50.0,50.0,555.0,,,
CAR0444,F10,RPA0001,USA,65.5,20.0,19.7,15.0,35.0,50.0,50.0,982.5,,,
CFR0408,G10,RPA0001,FRA,321.2,20.0,20.5,3.2,47.0,50.0,50.2,1023.7,,,
CFR0043,H10,RPA0001,FRA,102.5,20.0,20.5,10.0,40.0,50.0,50.0,1025.0,,,
CAR0453,A11,RPA0001,USA,4,20.0,2.0,25.0,25.0,50.0,50.0,100.0,,,
CFR0016,B11,RPA0001,FRA,11.4,20.0,5.7,25.0,25.0,50.0,50.0,285.0,,,
CFR0126,C11,RPA0001,FRA,32.7,20.0,16.4,25.0,25.0,50.0,50.0,817.5,,,
CFR0023,D11,RPA0001,FRA,21.6,20.0,10.8,25.0,25.0,50.0,50.0,540.0,,,
CFR0036,E11,RPA0001,FRA,0,20.0,0.0,25.0,25.0,50.0,50.0,0.0,,,
CGR0448,F11,RPA0001,GER,80.5,20.0,16.1,10.0,40.0,50.0,50.0,805.0,,,
CAR0516,G11,RPA0001,USA,0,20.0,0.0,25.0,25.0,50.0,50.0,0.0,,,
CAR0523,H11,RPA0001,USA,0,20.0,0.0,25.0,25.0,50.0,50.0,0.0,,,
CAR0456,A12,RPA0001,USA,62,20.0,19.8,16.0,34.0,50.0,50.0,992.0,,,
CGR0189,B12,RPA0001,GER,32.1,20.0,16.1,25.0,25.0,50.0,50.0,802.5,,,
CAR0403,C12,RPA0001,USA,0,20.0,0.0,25.0,25.0,50.0,50.0,0.0,,,
CFR0361,D12,RPA0001,FRA,0,20.0,0.0,25.0,25.0,50.0,50.0,0.0,,,
CGR0230,E12,RPA0001,GER,8.3,20.0,4.2,25.0,25.0,50.0,50.0,207.5,,,
CGR0467,F12,RPA0001,GER,155.5,20.0,19.7,6.4,44.0,50.0,50.4,987.3,,,
CFR0004,G12,RPA0001,FRA,0,20.0,0.0,25.0,25.0,50.0,50.0,0.0,,,
blank,H12,RPA0001,BLANK,0,20.0,0.0,25.0,25.0,50.0,50.0,0.0,,,
CAR0327,A01,RPA0002,USA,72.7,20.0,21.8,15.0,35.0,50.0,50.0,1090.5,,,
CFR0029,B01,RPA0002,FRA,30,20.0,15.0,25.0,25.0,50.0,50.0,750.0,,,
CFR0007,C01,RPA0002,FRA,40.3,20.0,20.2,25.0,25.0,50.0,50.0,1007.5,,,
CAR0452,D01,RPA0002,USA,64.5,20.0,20.6,16.0,34.0,50.0,50.0,1032.0,,,
CGR0219,E01,RPA0002,GER,323.3,20.0,20.6,3.2,47.0,50.0,50.2,1030.4,,,
CGR0422,F01,RPA0002,GER,136.3,20.0,20.0,7.4,43.0,50.0,50.4,1000.6,,,
CGR0243,G01,RPA0002,GER,137.8,20.0,20.2,7.4,43.0,50.0,50.4,1011.6,,,
CFR0216,H01,RPA0002,FRA,156,20.0,19.8,6.4,44.0,50.0,50.4,990.5,,,
CFR0420,A02,RPA0002,FRA,99.2,20.0,19.8,10.0,40.0,50.0,50.0,992.0,,,
CGR0268,B02,RPA0002,GER,156,20.0,19.8,6.4,44.0,50.0,50.4,990.5,,,
CAR0526,C02,RPA0002,USA,49.7,20.0,19.9,20.0,30.0,50.0,50.0,994.0,,,
CGR0411,D02,RPA0002,GER,50,20.0,20.0,20.0,30.0,50.0,50.0,1000.0,,,
DEPC,E02,RPA0002,DEPC,0,20.0,0.0,25.0,25.0,50.0,50.0,0.0,,,
CGR0221,F02,RPA0002,GER,103.7,20.0,20.7,10.0,40.0,50.0,50.0,1037.0,,,
CAR0569,G02,RPA0002,USA,51.2,20.0,20.5,20.0,30.0,50.0,50.0,1024.0,,,
CAR0451,H02,RPA0002,USA,67.7,20.0,20.3,15.0,35.0,50.0,50.0,1015.5,,,
CGR0247,A03,RPA0002,GER,274.9,20.0,22.0,4.0,46.0,50.0,50.0,1099.6,,,
CGR0235,B03,RPA0002,GER,25.3,20.0,12.7,25.0,25.0,50.0,50.0,632.5,,,
CFR0052,C03,RPA0002,FRA,67.9,20.0,20.4,15.0,35.0,50.0,50.0,1018.5,,,
CGR0201,D03,RPA0002,GER,49.5,20.0,19.8,20.0,30.0,50.0,50.0,990.0,,,
CGR0299,E03,RPA0002,GER,133.4,20.0,20.9,8.0,43.0,50.0,51.0,1046.3,,,
CGR0401,F03,RPA0002,GER,30,20.0,15.0,25.0,25.0,50.0,50.0,750.0,,,
CGR0209,G03,RPA0002,GER,168.8,20.0,20.3,6.0,44.0,50.0,50.0,1012.8,,,
CAR0813,H03,RPA0002,USA,188.2,20.0,20.3,5.4,44.6,50.0,50.0,1016.3,,,
CFR0446,A04,RPA0002,FRA,129,20.0,20.6,8.0,42.0,50.0,50.0,1032.0,,,
CFR0041,B04,RPA0002,FRA,31.8,20.0,15.9,25.0,25.0,50.0,50.0,795.0,,,
CFR0242,C04,RPA0002,FRA,42.9,20.0,19.7,23.0,27.0,50.0,50.0,986.7,,,
CGR0272,D04,RPA0002,GER,121.1,20.0,20.2,8.4,42.0,50.0,50.4,1009.2,,,
CAR0541,E04,RPA0002,USA,23.9,20.0,12.0,25.0,25.0,50.0,50.0,597.5,,,
CAR0438,F04,RPA0002,USA,148.8,20.0,20.8,7.0,43.0,50.0,50.0,1041.6,,,
CAR0399,G04,RPA0002,USA,18.5,20.0,9.3,25.0,25.0,50.0,50.0,462.5,,,
CFR0178,H04,RPA0002,FRA,131.2,20.0,21.0,8.0,42.0,50.0,50.0,1049.6,,,
CFR0461,A05,RPA0002,FRA,267,20.0,20.3,3.8,46.2,50.0,50.0,1014.6,,,
CAR0872,B05,RPA0002,USA,226.4,20.0,19.9,4.4,45.6,50.0,50.0,996.2,,,
CGR0261,C05,RPA0002,GER,54.2,20.0,20.6,19.0,31.0,50.0,50.0,1029.8,,,
CGR0210,D05,RPA0002,GER,91.5,20.0,18.3,10.0,40.0,50.0,50.0,915.0,,,
CFR0106,E05,RPA0002,FRA,42.2,20.0,20.3,24.0,26.0,50.0,50.0,1012.8,,,
CFR0463,F05,RPA0002,FRA,123,20.0,19.7,8.0,42.0,50.0,50.0,984.0,,,
CFR0437,G05,RPA0002,FRA,14.4,20.0,7.2,25.0,25.0,50.0,50.0,360.0,,,
CGR0438,H05,RPA0002,GER,61.2,20.0,19.6,16.0,34.0,50.0,50.0,979.2,,,
CFR0240,A06,RPA0002,FRA,47.3,20.0,20.8,22.0,28.0,50.0,50.0,1040.6,,,
CGR0213,B06,RPA0002,GER,215.3,20.0,19.8,4.6,46.0,50.0,50.6,990.4,,,
CAR0559,C06,RPA0002,USA,63,20.0,20.2,16.0,34.0,50.0,50.0,1008.0,,,
CAR0455,D06,RPA0002,USA,75.6,20.0,15.1,10.0,40.0,50.0,50.0,756.0,,,
CAR0890,E06,RPA0002,USA,67.6,20.0,20.3,15.0,35.0,50.0,50.0,1014.0,,,
CFR0418,F06,RPA0002,FRA,113.7,20.0,20.5,9.0,41.0,50.0,50.0,1023.3,,,
CFR0466,G06,RPA0002,FRA,48.1,20.0,20.2,21.0,29.0,50.0,50.0,1010.1,,,
CGR0460,H06,RPA0002,GER,157.1,20.0,20.1,6.4,43.6,50.0,50.0,1005.4,,,
CAR0383,A07,RPA0002,USA,26.1,20.0,13.1,25.0,25.0,50.0,50.0,652.5,,,
EB,B07,RPA0002,EB,0,20.0,0.0,25.0,25.0,50.0,50.0,0.0,,,
CFR0285,C07,RPA0002,FRA,35.2,20.0,17.6,25.0,25.0,50.0,50.0,880.0,,,
CFR0266,D07,RPA0002,FRA,41.6,20.0,20.0,24.0,26.0,50.0,50.0,1000.0,,,
CAR0543,E07,RPA0002,USA,102.1,20.0,20.4,10.0,40.0,50.0,50.0,1021.0,,,
CAR0350,F07,RPA0002,USA,27.1,20.0,13.6,25.0,25.0,50.0,50.0,677.5,,,
CGR0300,G07,RPA0002,GER,356.2,20.0,14.2,2.0,48.0,50.0,50.0,712.4,,,
CFR0238,H07,RPA0002,FRA,144,20.0,20.2,7.0,43.0,50.0,50.0,1008.0,,,
CGR0404,A08,RPA0002,GER,294.3,20.0,20.0,3.4,46.6,50.0,50.0,1000.6,,,
CFR0002,B08,RPA0002,FRA,22.1,20.0,11.1,25.0,25.0,50.0,50.0,552.5,,,
CFR0186,C08,RPA0002,FRA,18.5,20.0,9.3,25.0,25.0,50.0,50.0,462.5,,,
CGR0212,D08,RPA0002,GER,102.3,20.0,20.5,10.0,40.0,50.0,50.0,1023.0,,,
CFR0490,E08,RPA0002,FRA,187.2,20.0,20.2,5.4,44.6,50.0,50.0,1010.9,,,
CFR0058,F08,RPA0002,FRA,14.3,20.0,7.2,25.0,25.0,50.0,50.0,357.5,,,
CGR0233,G08,RPA0002,GER,34.1,20.0,17.1,25.0,25.0,50.0,50.0,852.5,,,
blank,H08,RPA0002,BLANK,0,20.0,0.0,25.0,25.0,50.0,50.0,0.0,,,
CFR0063,A09,RPA0002,FRA,30.1,20.0,15.1,25.0,25.0,50.0,50.0,752.5,,,
CGR0271,B09,RPA0002,GER,131.1,20.0,21.0,8.0,42.0,50.0,50.0,1048.8,,,
CGR0170,C09,RPA0002,GER,73.7,20.0,22.1,15.0,35.0,50.0,50.0,1105.5,,,
CFR0316,D09,RPA0002,FRA,111.2,20.0,20.0,9.0,41.0,50.0,50.0,1000.0,,,
CAR0494,E09,RPA0002,USA,36.5,20.0,18.3,25.0,25.0,50.0,50.0,912.5,,,
CGR0270,F09,RPA0002,GER,171.9,20.0,20.6,6.0,44.0,50.0,50.0,1031.4,,,
CGR0468,G09,RPA0002,GER,197.4,20.0,19.7,5.0,45.0,50.0,50.0,987.0,,,
CFR0078,H09,RPA0002,FRA,22.9,20.0,11.5,25.0,25.0,50.0,50.0,572.5,,,
CAR0885,A10,RPA0002,USA,88.8,20.0,17.8,10.0,40.0,50.0,50.0,888.0,,,
CAR0560,B10,RPA0002,USA,57.6,20.0,20.7,18.0,32.0,50.0,50.0,1036.8,,,
CAR0547,C10,RPA0002,USA,70.1,20.0,21.0,15.0,35.0,50.0,50.0,1051.5,,,
CFR0039,D10,RPA0002,FRA,37.9,20.0,19.0,25.0,25.0,50.0,50.0,947.5,,,
CGR0408,E10,RPA0002,GER,279.1,20.0,19.9,3.6,47.0,50.0,50.6,992.8,,,
CFR0045,F10,RPA0002,FRA,78.1,20.0,23.4,15.0,35.0,50.0,50.0,1171.5,,,
CGR0246,G10,RPA0002,GER,48,20.0,20.2,21.0,29.0,50.0,50.0,1008.0,,,
CGR0215,H10,RPA0002,GER,130.5,20.0,20.9,8.0,42.0,50.0,50.0,1044.0,,,
CFR0315,A11,RPA0002,FRA,38.4,20.0,19.2,25.0,25.0,50.0,50.0,960.0,,,
CFR0294,B11,RPA0002,FRA,165.6,20.0,20.0,6.0,44.0,50.0,50.0,1000.0,,,
CGR0196,C11,RPA0002,GER,178.1,20.0,19.7,5.6,45.0,50.0,50.6,985.5,,,
blank,D11,RPA0002,BLANK,0,20.0,0.0,25.0,25.0,50.0,50.0,0.0,,,
CFR0087,E11,RPA0002,FRA,34.1,20.0,17.1,25.0,25.0,50.0,50.0,852.5,,,
CGR0298,F11,RPA0002,GER,190.4,20.0,20.4,5.4,45.0,50.0,50.4,1020.0,,,
CGR0419,G11,RPA0002,GER,315.7,20.0,20.1,3.2,47.0,50.0,50.2,1006.2,,,
CGR0240,H11,RPA0002,GER,74.9,20.0,22.5,15.0,35.0,50.0,50.0,1123.5,,,
CGR0237,A12,RPA0002,GER,62.4,20.0,20.0,16.0,34.0,50.0,50.0,1000.0,,,
CGR0278,B12,RPA0002,GER,89.2,20.0,17.8,10.0,40.0,50.0,50.0,892.0,,,
CGR0218,C12,RPA0002,GER,104.4,20.0,20.9,10.0,40.0,50.0,50.0,1044.0,,,
CGR0231,D12,RPA0002,GER,42.3,20.0,20.3,24.0,26.0,50.0,50.0,1015.2,,,
CFR0397,E12,RPA0002,FRA,202.2,20.0,20.2,5.0,45.0,50.0,50.0,1011.0,,,
CAR0462,F12,RPA0002,USA,24.7,20.0,12.4,25.0,25.0,50.0,50.0,617.5,,,
CGR0259,G12,RPA0002,GER,259.4,20.0,20.8,4.0,46.0,50.0,50.0,1037.6,,,
CFR0409,H12,RPA0002,FRA,64,20.0,20.5,16.0,34.0,50.0,50.0,1024.0,,,
CGR0258,A01,RPA0003,GER,133.1,20.0,20.0,7.6,43.0,50.0,50.6,999.6,,,
CFR0125,B01,RPA0003,FRA,190.2,20.0,20.4,5.4,45.0,50.0,50.4,1018.9,,,
CFR0092,C01,RPA0003,FRA,221.3,20.0,20.1,4.6,46.0,50.0,50.6,1005.9,,,
CGR0205,D01,RPA0003,GER,308.3,20.0,19.7,3.2,47.0,50.0,50.2,982.6,,,
CFR0311,E01,RPA0003,FRA,45.1,20.0,19.8,22.0,28.0,50.0,50.0,992.2,,,
CFR0375,F01,RPA0003,FRA,159.6,20.0,20.3,6.4,44.0,50.0,50.4,1013.3,,,
CAR0389,G01,RPA0003,USA,53,20.0,20.1,19.0,31.0,50.0,50.0,1007.0,,,
CFR0292,H01,RPA0003,FRA,304.4,20.0,20.5,3.4,47.0,50.0,50.4,1026.7,,,
DEPC,A02,RPA0003,DEPC,0,20.0,0.0,25.0,25.0,50.0,50.0,0.0,,,
CFR0398,B02,RPA0003,FRA,339.4,20.0,20.4,3.0,47.0,50.0,50.0,1018.2,,,
CAR0474,C02,RPA0003,USA,155.4,20.0,20.3,6.6,44.0,50.0,50.6,1013.5,,,
CGR0403,D02,RPA0003,GER,98.9,20.0,19.8,10.0,40.0,50.0,50.0,989.0,,,
CFR0433,E02,RPA0003,FRA,42.2,20.0,20.3,24.0,26.0,50.0,50.0,1012.8,,,
CGR0424,F02,RPA0003,GER,178,20.0,19.9,5.6,44.4,50.0,50.0,996.8,,,
CGR0303,G02,RPA0003,GER,21.5,20.0,10.8,25.0,25.0,50.0,50.0,537.5,,,
CGR0459,H02,RPA0003,GER,135.3,20.0,19.9,7.4,43.0,50.0,50.4,993.3,,,
CFR0200,A03,RPA0003,FRA,272.9,20.0,19.6,3.6,46.4,50.0,50.0,982.4,,,
CGR0023,B03,RPA0003,GER,232.7,20.0,20.3,4.4,46.0,50.0,50.4,1015.8,,,
CAR0780,C03,RPA0003,USA,209.5,20.0,20.1,4.8,45.2,50.0,50.0,1005.6,,,
CFR0219,D03,RPA0003,FRA,24.5,20.0,12.3,25.0,25.0,50.0,50.0,612.5,,,
CFR0359,E03,RPA0003,FRA,101.5,20.0,20.3,10.0,40.0,50.0,50.0,1015.0,,,
CFR0170,F03,RPA0003,FRA,71.9,20.0,21.6,15.0,35.0,50.0,50.0,1078.5,,,
CGR0217,G03,RPA0003,GER,182.7,20.0,19.6,5.4,45.0,50.0,50.4,978.8,,,
CAR0471,H03,RPA0003,USA,66.5,20.0,20.0,15.0,35.0,50.0,50.0,1000.0,,,
CGR0297,A04,RPA0003,GER,339,20.0,20.3,3.0,47.0,50.0,50.0,1017.0,,,
CAR0529,B04,RPA0003,USA,14.9,20.0,7.5,25.0,25.0,50.0,50.0,372.5,,,
CFR0081,C04,RPA0003,FRA,22.6,20.0,11.3,25.0,25.0,50.0,50.0,565.0,,,
EB,D04,RPA0003,EB,0,20.0,0.0,25.0,25.0,50.0,50.0,0.0,,,
CFR0097,E04,RPA0003,FRA,122.5,20.0,19.6,8.0,42.0,50.0,50.0,980.0,,,
CFR0455,F04,RPA0003,FRA,38.3,20.0,19.2,25.0,25.0,50.0,50.0,957.5,,,
CFR0067,G04,RPA0003,FRA,82.3,20.0,24.7,15.0,35.0,50.0,50.0,1234.5,,,
CGR0199,H04,RPA0003,GER,111.4,20.0,20.0,9.0,41.0,50.0,50.0,1000.0,,,
CGR0075,A05,RPA0003,GER,94.8,20.0,19.0,10.0,40.0,50.0,50.0,948.0,,,
CFR0005,B05,RPA0003,FRA,22.5,20.0,11.3,25.0,25.0,50.0,50.0,562.5,,,
CGR0190,C05,RPA0003,GER,257.8,20.0,20.6,4.0,46.0,50.0,50.0,1031.2,,,
CGR0440,D05,RPA0003,GER,178.7,20.0,19.8,5.6,45.0,50.0,50.6,988.9,,,
CFR0232,E05,RPA0003,FRA,41.7,20.0,20.0,24.0,26.0,50.0,50.0,1000.0,,,
CFR0269,F05,RPA0003,FRA,32.6,20.0,16.3,25.0,25.0,50.0,50.0,815.0,,,
CFR0467,G05,RPA0003,FRA,130.5,20.0,20.9,8.0,42.0,50.0,50.0,1044.0,,,
CFR0119,H05,RPA0003,FRA,209.4,20.0,20.9,5.0,45.0,50.0,50.0,1047.0,,,
CFR0201,A06,RPA0003,FRA,141.2,20.0,19.8,7.0,43.0,50.0,50.0,988.4,,,
CFR0471,B06,RPA0003,FRA,47,20.0,19.7,21.0,29.0,50.0,50.0,987.0,,,
CAR0868,C06,RPA0003,USA,171.7,20.0,20.6,6.0,44.0,50.0,50.0,1030.2,,,
CGR0223,D06,RPA0003,GER,115.5,20.0,20.8,9.0,41.0,50.0,50.0,1039.5,,,
CAR0875,E06,RPA0003,USA,72.3,20.0,21.7,15.0,35.0,50.0,50.0,1084.5,,,
CAR0515,F06,RPA0003,USA,12.7,20.0,6.4,25.0,25.0,50.0,50.0,317.5,,,
CGR0423,G06,RPA0003,GER,147.6,20.0,20.7,7.0,43.0,50.0,50.0,1033.2,,,
CFR0104,H06,RPA0003,FRA,163.1,20.0,19.6,6.0,44.0,50.0,50.0,978.6,,,
CAR0785,A07,RPA0003,USA,135,20.0,19.8,7.4,43.0,50.0,50.4,991.1,,,
CFR0449,B07,RPA0003,FRA,157.3,20.0,20.0,6.4,44.0,50.0,50.4,998.7,,,
CGR0161,C07,RPA0003,GER,151.9,20.0,19.8,6.6,44.0,50.0,50.6,990.7,,,
CGR0228,D07,RPA0003,GER,175.5,20.0,21.1,6.0,44.0,50.0,50.0,1053.0,,,
CFR0086,E07,RPA0003,FRA,36.7,20.0,18.4,25.0,25.0,50.0,50.0,917.5,,,
CFR0469,F07,RPA0003,FRA,16.9,20.0,8.5,25.0,25.0,50.0,50.0,422.5,,,
CFR0115,G07,RPA0003,FRA,43,20.0,19.8,23.0,27.0,50.0,50.0,989.0,,,
CAR0354,H07,RPA0003,USA,71.9,20.0,21.6,15.0,35.0,50.0,50.0,1078.5,,,
CFR0482,A08,RPA0003,FRA,147.2,20.0,20.6,7.0,43.0,50.0,50.0,1030.4,,,
CGR0443,B08,RPA0003,GER,113.3,20.0,20.4,9.0,41.0,50.0,50.0,1019.7,,,
CFR0132,C08,RPA0003,FRA,79.1,20.0,15.8,10.0,40.0,50.0,50.0,791.0,,,
CGR0439,D08,RPA0003,GER,107.2,20.0,20.0,9.4,41.0,50.0,50.4,999.7,,,
CFR0473,E08,RPA0003,FRA,118.9,20.0,19.8,8.4,42.0,50.0,50.4,990.8,,,
CGR0227,F08,RPA0003,GER,97.1,20.0,19.4,10.0,40.0,50.0,50.0,971.0,,,
CGR0398,G08,RPA0003,GER,45.6,20.0,20.1,22.0,28.0,50.0,50.0,1003.2,,,
CFR0181,H08,RPA0003,FRA,46.5,20.0,20.5,22.0,28.0,50.0,50.0,1023.0,,,
blank,A09,RPA0003,BLANK,0,20.0,0.0,25.0,25.0,50.0,50.0,0.0,,,
CGR0416,B09,RPA0003,GER,187.7,20.0,20.1,5.4,45.0,50.0,50.4,1005.5,,,
CAR0817,C09,RPA0003,USA,42.8,20.0,19.7,23.0,27.0,50.0,50.0,984.4,,,
CAR0493,D09,RPA0003,USA,153.2,20.0,19.6,6.4,43.6,50.0,50.0,980.5,,,
CGR0434,E09,RPA0003,GER,125.4,20.0,20.0,8.0,42.0,50.0,50.0,1000.0,,,
CAR0836,F09,RPA0003,USA,170.2,20.0,20.4,6.0,44.0,50.0,50.0,1021.2,,,
CGR0101,G09,RPA0003,GER,458.5,20.0,20.1,2.2,48.0,50.0,50.2,1004.7,,,
CAR0911,H09,RPA0003,USA,177.8,20.0,19.7,5.6,45.0,50.0,50.6,983.9,,,
CFR0350,A10,RPA0003,FRA,27.3,20.0,13.7,25.0,25.0,50.0,50.0,682.5,,,
CFR0027,B10,RPA0003,FRA,29.4,20.0,14.7,25.0,25.0,50.0,50.0,735.0,,,
CGR0269,C10,RPA0003,GER,85.1,20.0,17.0,10.0,40.0,50.0,50.0,851.0,,,
CGR0216,D10,RPA0003,GER,97.9,20.0,19.6,10.0,40.0,50.0,50.0,979.0,,,
blank,E10,RPA0003,BLANK,0,20.0,0.0,25.0,25.0,50.0,50.0,0.0,,,
CAR0959,F10,RPA0003,USA,140.6,20.0,19.7,7.0,43.0,50.0,50.0,984.2,,,
CAR0705,G10,RPA0003,USA,98.1,20.0,19.6,10.0,40.0,50.0,50.0,981.0,,,
CAR0563,H10,RPA0003,USA,81.4,20.0,16.3,10.0,40.0,50.0,50.0,814.0,,,
CGR0241,A11,RPA0003,GER,135.8,20.0,19.9,7.4,43.0,50.0,50.4,996.9,,,
blank,B11,RPA0003,BLANK,0,20.0,0.0,25.0,25.0,50.0,50.0,0.0,,,
CGR0336,C11,RPA0003,GER,76.5,20.0,15.3,10.0,40.0,50.0,50.0,765.0,,,
CAR0345,D11,RPA0003,USA,46.8,20.0,20.6,22.0,28.0,50.0,50.0,1029.6,,,
CAR0362,E11,RPA0003,USA,295.8,20.0,20.1,3.4,46.6,50.0,50.0,1005.7,,,
CAR0745,F11,RPA0003,USA,87.1,20.0,17.4,10.0,40.0,50.0,50.0,871.0,,,
CFR0014,G11,RPA0003,FRA,39.7,20.0,19.9,25.0,25.0,50.0,50.0,992.5,,,
CFR0065,H11,RPA0003,FRA,33.7,20.0,16.9,25.0,25.0,50.0,50.0,842.5,,,
CAR0567,A12,RPA0003,USA,25.1,20.0,12.6,25.0,25.0,50.0,50.0,627.5,,,
CFR0127,B12,RPA0003,FRA,172.1,20.0,20.7,6.0,44.0,50.0,50.0,1032.6,,,
CFR0364,C12,RPA0003,FRA,39.2,20.0,19.6,25.0,25.0,50.0,50.0,980.0,,,
CAR0458,D12,RPA0003,USA,38.4,20.0,19.2,25.0,25.0,50.0,50.0,960.0,,,
CGR0450,E12,RPA0003,GER,108,20.0,19.4,9.0,41.0,50.0,50.0,972.0,,,
CGR0280,F12,RPA0003,GER,102.6,20.0,20.5,10.0,40.0,50.0,50.0,1026.0,,,
CFR0028,G12,RPA0003,FRA,27.5,20.0,13.8,25.0,25.0,50.0,50.0,687.5,,,
CFR0083,H12,RPA0003,FRA,31,20.0,15.5,25.0,25.0,50.0,50.0,775.0,,,
CGR0429,A01,RPA0004,GER,289.3,20.0,20.8,3.6,46.4,50.0,50.0,1041.5,,,
CAR0653,B01,RPA0004,USA,126.5,20.0,20.2,8.0,42.0,50.0,50.0,1012.0,,,
blank,C01,RPA0004,BLANK,0,20.0,0.0,25.0,25.0,50.0,50.0,0.0,,,
CGR0377,D01,RPA0004,GER,190.3,20.0,20.6,5.4,44.6,50.0,50.0,1027.6,,,
CFR0084,E01,RPA0004,FRA,49.9,20.0,20.0,20.0,30.0,50.0,50.0,1000.0,,,
CFR0235,F01,RPA0004,FRA,176.1,20.0,19.7,5.6,44.4,50.0,50.0,986.2,,,
CAR0387,G01,RPA0004,USA,62.6,20.0,20.0,16.0,34.0,50.0,50.0,1000.0,,,
CGR0263,H01,RPA0004,GER,30.9,20.0,15.5,25.0,25.0,50.0,50.0,772.5,,,
CGR0279,A02,RPA0004,GER,52,20.0,19.8,19.0,31.0,50.0,50.0,988.0,,,
CGR0248,B02,RPA0004,GER,480.5,20.0,21.1,2.2,48.0,50.0,50.2,1057.1,,,
CFR0019,C02,RPA0004,FRA,76.2,20.0,15.2,10.0,40.0,50.0,50.0,762.0,,,
CAR0651,D02,RPA0004,USA,186.8,20.0,20.0,5.4,45.0,50.0,50.4,1000.7,,,
CAR0783,E02,RPA0004,USA,124.7,20.0,20.0,8.0,42.0,50.0,50.0,1000.0,,,
CAR0542,F02,RPA0004,USA,184.7,20.0,20.4,5.6,45.0,50.0,50.6,1022.1,,,
CGR0208,G02,RPA0004,GER,52.5,20.0,20.0,19.0,31.0,50.0,50.0,1000.0,,,
CFR0198,H02,RPA0004,FRA,20.5,20.0,10.3,25.0,25.0,50.0,50.0,512.5,,,
CFR0074,A03,RPA0004,FRA,9.1,20.0,4.6,25.0,25.0,50.0,50.0,227.5,,,
CGR0458,B03,RPA0004,GER,118.2,20.0,20.1,8.6,42.0,50.0,50.6,1004.5,,,
CAR0461,C03,RPA0004,USA,60,20.0,19.9,16.6,33.4,50.0,50.0,996.0,,,
CFR0245,D03,RPA0004,FRA,112.8,20.0,20.3,9.0,41.0,50.0,50.0,1015.2,,,
EB,E03,RPA0004,EB,6.9,20.0,3.5,25.0,25.0,50.0,50.0,172.5,,,
CFR0138,F03,RPA0004,FRA,14.1,20.0,7.1,25.0,25.0,50.0,50.0,352.5,,,
CAR0434,G03,RPA0004,USA,64.4,20.0,19.3,15.0,35.0,50.0,50.0,966.0,,,
CFR0366,H03,RPA0004,FRA,111.4,20.0,20.0,9.0,41.0,50.0,50.0,1000.0,,,
CAR0386,A04,RPA0004,USA,193.5,20.0,20.7,5.4,45.0,50.0,50.4,1036.6,,,
CGR0252,B04,RPA0004,GER,426.9,20.0,20.5,2.4,47.6,50.0,50.0,1024.6,,,
CFR0290,C04,RPA0004,FRA,170.2,20.0,20.4,6.0,44.0,50.0,50.0,1021.2,,,
CGR0222,D04,RPA0004,GER,134.4,20.0,19.7,7.4,43.0,50.0,50.4,986.7,,,
CFR0306,E04,RPA0004,FRA,148.9,20.0,20.8,7.0,43.0,50.0,50.0,1042.3,,,
CGR0206,F04,RPA0004,GER,47.5,20.0,20.0,21.0,29.0,50.0,50.0,997.5,,,
CAR0561,G04,RPA0004,USA,11.2,20.0,5.6,25.0,25.0,50.0,50.0,280.0,,,
CAR0912,H04,RPA0004,USA,113.1,20.0,20.4,9.0,41.0,50.0,50.0,1017.9,,,
CFR0356,A05,RPA0004,FRA,22.6,20.0,11.3,25.0,25.0,50.0,50.0,565.0,,,
CGR0267,B05,RPA0004,GER,188.7,20.0,20.2,5.4,45.0,50.0,50.4,1010.9,,,
CFR0003,C05,RPA0004,FRA,28,20.0,14.0,25.0,25.0,50.0,50.0,700.0,,,
CFR0073,D05,RPA0004,FRA,30.4,20.0,15.2,25.0,25.0,50.0,50.0,760.0,,,
CGR0229,E05,RPA0004,GER,69.3,20.0,20.8,15.0,35.0,50.0,50.0,1039.5,,,
CFR0403,F05,RPA0004,FRA,347.5,20.0,20.9,3.0,47.0,50.0,50.0,1042.5,,,
CFR0389,G05,RPA0004,FRA,97.9,20.0,19.6,10.0,40.0,50.0,50.0,979.0,,,
CGR0290,H05,RPA0004,GER,231.3,20.0,20.2,4.4,46.0,50.0,50.4,1009.6,,,
CFR0256,A06,RPA0004,FRA,320,20.0,20.4,3.2,47.0,50.0,50.2,1019.9,,,
CAR0851,B06,RPA0004,USA,215.8,20.0,19.9,4.6,45.4,50.0,50.0,992.7,,,
CGR0331,C06,RPA0004,GER,93.6,20.0,18.7,10.0,40.0,50.0,50.0,936.0,,,
CFR0246,D06,RPA0004,FRA,120.3,20.0,19.7,8.2,42.0,50.0,50.2,982.5,,,
CFR0415,E06,RPA0004,FRA,233.4,20.0,20.4,4.4,46.0,50.0,50.4,1018.8,,,
CAR0371,F06,RPA0004,USA,128.9,20.0,20.6,8.0,42.0,50.0,50.0,1031.2,,,
CGR0343,G06,RPA0004,GER,370.3,20.0,20.7,2.8,47.2,50.0,50.0,1036.8,,,
CGR0293,H06,RPA0004,GER,280.7,20.0,20.2,3.6,47.0,50.0,50.6,1010.5,,,
CGR0176,A07,RPA0004,GER,172.9,20.0,20.7,6.0,44.0,50.0,50.0,1037.4,,,
CFR0425,B07,RPA0004,FRA,8.3,20.0,4.2,25.0,25.0,50.0,50.0,207.5,,,
CFR0411,C07,RPA0004,FRA,51.5,20.0,20.6,20.0,30.0,50.0,50.0,1030.0,,,
CGR0350,D07,RPA0004,GER,279.7,20.0,19.9,3.6,47.0,50.0,50.6,995.0,,,
CAR0960,E07,RPA0004,USA,623.3,20.0,24.9,2.0,48.0,50.0,50.0,1246.6,,,
CAR0565,F07,RPA0004,USA,51.8,20.0,19.8,19.2,31.0,50.0,50.2,990.6,,,
CAR0348,G07,RPA0004,USA,53.8,20.0,19.8,18.6,32.0,50.0,50.6,988.8,,,
CGR0254,H07,RPA0004,GER,12.9,20.0,6.5,25.0,25.0,50.0,50.0,322.5,,,
CGR0234,A08,RPA0004,GER,30.5,20.0,15.3,25.0,25.0,50.0,50.0,762.5,,,
CFR0278,B08,RPA0004,FRA,110.2,20.0,19.8,9.0,41.0,50.0,50.0,991.8,,,
CAR0566,C08,RPA0004,USA,55.7,20.0,20.0,18.0,32.0,50.0,50.0,1000.0,,,
CGR0283,D08,RPA0004,GER,54.6,20.0,19.7,18.0,32.0,50.0,50.0,982.8,,,
CFR0299,E08,RPA0004,FRA,66.1,20.0,19.8,15.0,35.0,50.0,50.0,991.5,,,
CGR0250,F08,RPA0004,GER,303,20.0,20.4,3.4,47.0,50.0,50.4,1022.0,,,
CFR0460,G08,RPA0004,FRA,233.5,20.0,20.4,4.4,46.0,50.0,50.4,1019.2,,,
CGR0292,H08,RPA0004,GER,354,20.0,19.8,2.8,47.2,50.0,50.0,991.2,,,
CFR0102,A09,RPA0004,FRA,204.1,20.0,20.4,5.0,45.0,50.0,50.0,1020.5,,,
CAR0439,B09,RPA0004,USA,13.7,20.0,6.9,25.0,25.0,50.0,50.0,342.5,,,
blank,C09,RPA0004,BLANK,7.4,20.0,3.7,25.0,25.0,50.0,50.0,185.0,,,
CGR0148,D09,RPA0004,GER,356.7,20.0,20.0,2.8,47.2,50.0,50.0,998.8,,,
CGR0211,E09,RPA0004,GER,125.6,20.0,20.0,8.0,42.0,50.0,50.0,1000.0,,,
CFR0303,F09,RPA0004,FRA,155.2,20.0,19.9,6.4,44.0,50.0,50.4,993.3,,,
DEPC,G09,RPA0004,DEPC,5.1,20.0,2.6,25.0,25.0,50.0,50.0,127.5,,,
CFR0237,H09,RPA0004,FRA,87.4,20.0,17.5,10.0,40.0,50.0,50.0,874.0,,,
CFR0440,A10,RPA0004,FRA,24.6,20.0,12.3,25.0,25.0,50.0,50.0,615.0,,,
CFR0071,B10,RPA0004,FRA,241.7,20.0,20.2,4.2,46.0,50.0,50.2,1011.1,,,
CFR0414,C10,RPA0004,FRA,209.4,20.0,20.1,4.8,45.2,50.0,50.0,1005.1,,,
CGR0265,D10,RPA0004,GER,212.1,20.0,19.5,4.6,45.4,50.0,50.0,975.7,,,
CGR0138,E10,RPA0004,GER,210.6,20.0,20.2,4.8,45.2,50.0,50.0,1010.9,,,
CAR0419,F10,RPA0004,USA,95,20.0,19.0,10.0,40.0,50.0,50.0,950.0,,,
CGR0203,G10,RPA0004,GER,173.1,20.0,20.1,5.8,44.2,50.0,50.0,1004.0,,,
CAR0821,H10,RPA0004,USA,137.1,20.0,19.7,7.2,43.0,50.0,50.2,983.2,,,
CGR0167,A11,RPA0004,GER,316.5,20.0,20.2,3.2,47.0,50.0,50.2,1008.8,,,
CGR0173,B11,RPA0004,GER,90.2,20.0,18.0,10.0,40.0,50.0,50.0,902.0,,,
CGR0428,C11,RPA0004,GER,180.4,20.0,20.2,5.6,44.4,50.0,50.0,1010.2,,,
CAR0728,D11,RPA0004,USA,82.9,20.0,16.6,10.0,40.0,50.0,50.0,829.0,,,
CAR0725,E11,RPA0004,USA,57.2,20.0,20.1,17.6,32.4,50.0,50.0,1006.7,,,
CFR0251,F11,RPA0004,FRA,203.4,20.0,20.3,5.0,45.0,50.0,50.0,1017.0,,,
CAR0511,G11,RPA0004,USA,37.6,20.0,18.8,25.0,25.0,50.0,50.0,940.0,,,
CAR0847,H11,RPA0004,USA,289.2,20.0,19.7,3.4,46.6,50.0,50.0,983.3,,,
blank,A12,RPA0004,BLANK,13.5,20.0,6.8,25.0,25.0,50.0,50.0,337.5,,,
CGR0437,B12,RPA0004,GER,83.3,20.0,16.7,10.0,40.0,50.0,50.0,833.0,,,
CFR0142,C12,RPA0004,FRA,155.5,20.0,19.9,6.4,43.6,50.0,50.0,995.2,,,
CGR0042,D12,RPA0004,GER,56.8,20.0,20.4,18.0,32.0,50.0,50.0,1022.4,,,
CFR0331,E12,RPA0004,FRA,138.7,20.0,20.0,7.2,42.8,50.0,50.0,998.6,,,
CGR0236,F12,RPA0004,GER,53,20.0,20.1,19.0,31.0,50.0,50.0,1007.0,,,
CGR0262,G12,RPA0004,GER,74.6,20.0,22.4,15.0,35.0,50.0,50.0,1119.0,,,
CFR0044,H12,RPA0004,FRA,46.7,20.0,20.5,22.0,28.0,50.0,50.0,1027.4,,,
CFR0010,A01,RPA0005,FRA,38.3,20.0,19.2,25.0,25.0,50.0,50.0,957.5,,,
CGR0082,B01,RPA0005,GER,155.6,20.0,21.8,7.0,43.0,50.0,50.0,1089.2,,,
CGR0375,C01,RPA0005,GER,183.2,20.0,19.8,5.4,44.6,50.0,50.0,989.3,,,
CGR0370,D01,RPA0005,GER,246.7,20.0,19.7,4.0,46.0,50.0,50.0,986.8,,,
CFR0234,E01,RPA0005,FRA,140.2,20.0,19.6,7.0,43.0,50.0,50.0,981.4,,,
CAR0744,F01,RPA0005,USA,49.3,20.0,19.7,20.0,30.0,50.0,50.0,986.0,,,
CFR0048,G01,RPA0005,FRA,67.5,20.0,20.3,15.0,35.0,50.0,50.0,1012.5,,,
CGR0145,H01,RPA0005,GER,134.3,20.0,21.5,8.0,42.0,50.0,50.0,1074.4,,,
CFR0313,A02,RPA0005,FRA,21.8,20.0,10.9,25.0,25.0,50.0,50.0,545.0,,,
CAR0426,B02,RPA0005,USA,472.9,20.0,20.8,2.2,47.8,50.0,50.0,1040.4,,,
CFR0333,C02,RPA0005,FRA,216.4,20.0,21.6,5.0,45.0,50.0,50.0,1082.0,,,
CFR0489,D02,RPA0005,FRA,132.1,20.0,21.1,8.0,42.0,50.0,50.0,1056.8,,,
CAR0657,E02,RPA0005,USA,48,20.0,20.2,21.0,29.0,50.0,50.0,1008.0,,,
CGR0185,F02,RPA0005,GER,202.9,20.0,20.3,5.0,45.0,50.0,50.0,1014.5,,,
CFR0162,G02,RPA0005,FRA,118.7,20.0,21.4,9.0,41.0,50.0,50.0,1068.3,,,
CAR0867,H02,RPA0005,USA,356.8,20.0,21.4,3.0,47.0,50.0,50.0,1070.4,,,
CGR0062,A03,RPA0005,GER,112.5,20.0,20.3,9.0,41.0,50.0,50.0,1012.5,,,
CFR0188,B03,RPA0005,FRA,19.9,20.0,10.0,25.0,25.0,50.0,50.0,497.5,,,
CGR0009,C03,RPA0005,GER,66.9,20.0,20.1,15.0,35.0,50.0,50.0,1003.5,,,
blank,D03,RPA0005,BLANK,8.9,20.0,4.5,25.0,25.0,50.0,50.0,222.5,,,
CFR0300,E03,RPA0005,FRA,127.6,20.0,20.4,8.0,42.0,50.0,50.0,1020.8,,,
CFR0332,F03,RPA0005,FRA,212.8,20.0,21.3,5.0,45.0,50.0,50.0,1064.0,,,
CGR0186,G03,RPA0005,GER,132.5,20.0,21.2,8.0,42.0,50.0,50.0,1060.0,,,
CAR0776,H03,RPA0005,USA,258.2,20.0,20.7,4.0,46.0,50.0,50.0,1032.8,,,
CFR0376,A04,RPA0005,FRA,220.5,20.0,20.3,4.6,45.4,50.0,50.0,1014.3,,,
CGR0400,B04,RPA0005,GER,76,20.0,22.8,15.0,35.0,50.0,50.0,1140.0,,,
CFR0326,C04,RPA0005,FRA,64.4,20.0,20.6,16.0,34.0,50.0,50.0,1030.4,,,
CFR0006,D04,RPA0005,FRA,18.7,20.0,9.4,25.0,25.0,50.0,50.0,467.5,,,
CGR0072,E04,RPA0005,GER,94.3,20.0,18.9,10.0,40.0,50.0,50.0,943.0,,,
CAR0869,F04,RPA0005,USA,84.2,20.0,16.8,10.0,40.0,50.0,50.0,842.0,,,
CGR0064,G04,RPA0005,GER,191.1,20.0,20.6,5.4,44.6,50.0,50.0,1031.9,,,
CFR0011,H04,RPA0005,FRA,57.3,20.0,20.6,18.0,32.0,50.0,50.0,1031.4,,,
CFR0231,A05,RPA0005,FRA,68.4,20.0,20.5,15.0,35.0,50.0,50.0,1026.0,,,
CGR0135,B05,RPA0005,GER,353.6,20.0,21.2,3.0,47.0,50.0,50.0,1060.8,,,
CGR0163,C05,RPA0005,GER,388.5,20.0,20.2,2.6,47.4,50.0,50.0,1010.1,,,
CGR0063,D05,RPA0005,GER,253.9,20.0,20.3,4.0,46.0,50.0,50.0,1015.6,,,
CGR0410,E05,RPA0005,GER,115,20.0,20.7,9.0,41.0,50.0,50.0,1035.0,,,
CAR0363,F05,RPA0005,USA,98.4,20.0,19.7,10.0,40.0,50.0,50.0,984.0,,,
CGR0344,G05,RPA0005,GER,143.8,20.0,20.0,7.0,43.0,50.0,50.0,1000.0,,,
CGR0154,H05,RPA0005,GER,540.2,20.0,21.6,2.0,48.0,50.0,50.0,1080.4,,,
CGR0264,A06,RPA0005,GER,682.8,20.0,27.3,2.0,48.0,50.0,50.0,1365.6,,,
CAR0761,B06,RPA0005,USA,300.2,20.0,20.4,3.4,46.6,50.0,50.0,1020.7,,,
CAR0660,C06,RPA0005,USA,113.4,20.0,20.4,9.0,41.0,50.0,50.0,1020.6,,,
CGR0296,D06,RPA0005,GER,230.7,20.0,20.1,4.4,46.0,50.0,50.4,1007.0,,,
CGR0362,E06,RPA0005,GER,149.6,20.0,20.9,7.0,43.0,50.0,50.0,1047.2,,,
CGR0454,F06,RPA0005,GER,218.8,20.0,21.9,5.0,45.0,50.0,50.0,1094.0,,,
CGR0399,G06,RPA0005,GER,28.7,20.0,14.4,25.0,25.0,50.0,50.0,717.5,,,
CFR0419,H06,RPA0005,FRA,68.5,20.0,20.6,15.0,35.0,50.0,50.0,1027.5,,,
CGR0088,A07,RPA0005,GER,153.3,20.0,21.5,7.0,43.0,50.0,50.0,1073.1,,,
CGR0052,B07,RPA0005,GER,118.9,20.0,21.4,9.0,41.0,50.0,50.0,1070.1,,,
CGR0463,C07,RPA0005,GER,269.1,20.0,21.5,4.0,46.0,50.0,50.0,1076.4,,,
CGR0306,D07,RPA0005,GER,392.5,20.0,20.4,2.6,47.4,50.0,50.0,1020.5,,,
CAR0779,E07,RPA0005,USA,265.2,20.0,21.2,4.0,46.0,50.0,50.0,1060.8,,,
CFR0121,F07,RPA0005,FRA,180.4,20.0,20.2,5.6,44.4,50.0,50.0,1010.2,,,
EB,G07,RPA0005,EB,6.8,20.0,3.4,25.0,25.0,50.0,50.0,170.0,,,
CGR0455,H07,RPA0005,GER,158.1,20.0,20.2,6.4,43.6,50.0,50.0,1011.8,,,
CGR0465,A08,RPA0005,GER,319.4,20.0,20.4,3.2,46.8,50.0,50.0,1022.1,,,
CFR0239,B08,RPA0005,FRA,93.3,20.0,18.7,10.0,40.0,50.0,50.0,933.0,,,
CAR0857,C08,RPA0005,USA,307.8,20.0,19.7,3.2,46.8,50.0,50.0,985.0,,,
CAR0838,D08,RPA0005,USA,227.4,20.0,20.0,4.4,45.6,50.0,50.0,1000.6,,,
CAR0839,E08,RPA0005,USA,101.9,20.0,20.4,10.0,40.0,50.0,50.0,1019.0,,,
CFR0203,F08,RPA0005,FRA,173.4,20.0,20.8,6.0,44.0,50.0,50.0,1040.4,,,
CAR0873,G08,RPA0005,USA,225.2,20.0,19.8,4.4,45.6,50.0,50.0,990.9,,,
CFR0272,H08,RPA0005,FRA,55.7,20.0,20.0,18.0,32.0,50.0,50.0,1000.0,,,
CGR0164,A09,RPA0005,GER,255.3,20.0,20.4,4.0,46.0,50.0,50.0,1021.2,,,
CGR0093,B09,RPA0005,GER,143.4,20.0,20.0,7.0,43.0,50.0,50.0,1000.0,,,
CAR0909,C09,RPA0005,USA,108.7,20.0,21.7,10.0,40.0,50.0,50.0,1087.0,,,
CGR0133,D09,RPA0005,GER,221.5,20.0,20.4,4.6,45.4,50.0,50.0,1018.9,,,
CFR0255,E09,RPA0005,FRA,42,20.0,20.2,24.0,26.0,50.0,50.0,1008.0,,,
CAR0405,F09,RPA0005,USA,18.8,20.0,9.4,25.0,25.0,50.0,50.0,470.0,,,
CGR0457,G09,RPA0005,GER,191.8,20.0,19.9,5.2,45.0,50.0,50.2,993.4,,,
CAR0764,H09,RPA0005,USA,163.4,20.0,19.6,6.0,44.0,50.0,50.0,980.4,,,
CFR0107,A10,RPA0005,FRA,213.1,20.0,21.3,5.0,45.0,50.0,50.0,1065.5,,,
CFR0064,B10,RPA0005,FRA,130.3,20.0,20.8,8.0,42.0,50.0,50.0,1042.4,,,
CAR0686,C10,RPA0005,USA,117.5,20.0,21.2,9.0,41.0,50.0,50.0,1057.5,,,
CAR0546,D10,RPA0005,USA,215.8,20.0,21.6,5.0,45.0,50.0,50.0,1079.0,,,
CFR0378,E10,RPA0005,FRA,291.2,20.0,19.6,3.4,47.0,50.0,50.4,982.2,,,
CAR0385,F10,RPA0005,USA,81.7,20.0,16.3,10.0,40.0,50.0,50.0,817.0,,,
CFR0114,G10,RPA0005,FRA,107.7,20.0,21.5,10.0,40.0,50.0,50.0,1077.0,,,
CAR0763,H10,RPA0005,USA,275,20.0,22.0,4.0,46.0,50.0,50.0,1100.0,,,
CAR0347,A11,RPA0005,USA,38.7,20.0,19.4,25.0,25.0,50.0,50.0,967.5,,,
CFR0136,B11,RPA0005,FRA,425.7,20.0,20.3,2.4,48.0,50.0,50.4,1013.6,,,
CGR0083,C11,RPA0005,GER,140.7,20.0,20.2,7.2,43.0,50.0,50.2,1009.0,,,
CFR0430,D11,RPA0005,FRA,449.9,20.0,19.7,2.2,48.0,50.0,50.2,985.8,,,
CAR0865,E11,RPA0005,USA,294,20.0,20.0,3.4,46.6,50.0,50.0,999.6,,,
CFR0236,F11,RPA0005,FRA,132.4,20.0,21.2,8.0,42.0,50.0,50.0,1059.2,,,
CGR0224,G11,RPA0005,GER,215.6,20.0,21.6,5.0,45.0,50.0,50.0,1078.0,,,
CGR0402,H11,RPA0005,GER,77.1,20.0,23.1,15.0,35.0,50.0,50.0,1156.5,,,
CAR0404,A12,RPA0005,USA,15.3,20.0,7.7,25.0,25.0,50.0,50.0,382.5,,,
CAR0762,B12,RPA0005,USA,155.7,20.0,20.0,6.4,43.6,50.0,50.0,1000.0,,,
CFR0354,C12,RPA0005,FRA,22.1,20.0,20.0,45.2,4.8,50.0,50.0,1000.0,,,
CFR0302,D12,RPA0005,FRA,133.4,20.0,20.0,7.5,42.5,50.0,50.0,1000.0,,,
DEPC,E12,RPA0005,DEPC,8.9,20.0,4.5,25.0,25.0,50.0,50.0,222.5,,,
blank,F12,RPA0005,BLANK,6.7,20.0,3.4,25.0,25.0,50.0,50.0,167.5,,,
CGR0433,G12,RPA0005,GER,118.7,20.0,20.0,8.4,41.6,50.0,50.0,1000.0,,,
CAR0714,H12,RPA0005,USA,78.1,20.0,15.6,10.0,40.0,50.0,50.0,781.0,,,
CAR0833,A01,RPA0006,USA,NA,20.0,#VALUE!,25.0,25.0,50.0,50.0,#VALUE!,,,
CFR0035,B01,RPA0006,FRA,8.5,20.0,4.3,25.0,25.0,50.0,50.0,212.5,,,
CGR0451,C01,RPA0006,GER,83.2,20.0,16.6,10.0,40.0,50.0,50.0,832.0,,,
CAR0524,D01,RPA0006,USA,75.8,20.0,22.7,15.0,35.0,50.0,50.0,1137.0,,,
CGR0175,E01,RPA0006,GER,450.3,20.0,19.9,2.2,48.0,50.0,50.2,995.6,,,
DEPC,F01,RPA0006,DEPC,5.7,20.0,2.9,25.0,25.0,50.0,50.0,142.5,,,
CAR0713,G01,RPA0006,USA,114.7,20.0,20.2,8.8,41.2,50.0,50.0,1009.4,,,
CAR0943,H01,RPA0006,USA,152.3,20.0,20.1,6.6,43.4,50.0,50.0,1005.2,,,
CFR0034,A02,RPA0006,FRA,5,20.0,2.5,25.0,25.0,50.0,50.0,125.0,,,
CFR0484,B02,RPA0006,FRA,63.2,20.0,19.0,15.0,35.0,50.0,50.0,948.0,,,
CGR0194,C02,RPA0006,GER,147.7,20.0,20.7,7.0,43.0,50.0,50.0,1033.9,,,
CFR0103,D02,RPA0006,FRA,224.5,20.0,19.8,4.4,45.6,50.0,50.0,987.8,,,
blank,E02,RPA0006,BLANK,3.8,20.0,1.9,25.0,25.0,50.0,50.0,95.0,,,
CFR0291,F02,RPA0006,FRA,97.7,20.0,19.5,10.0,40.0,50.0,50.0,977.0,,,
CFR0263,G02,RPA0006,FRA,29.4,20.0,14.7,25.0,25.0,50.0,50.0,735.0,,,
CGR0207,H02,RPA0006,GER,53.5,20.0,20.3,19.0,31.0,50.0,50.0,1016.5,,,
CGR0150,A03,RPA0006,GER,336.9,20.0,20.0,3.0,47.0,50.0,50.0,1000.0,,,
CAR0433,B03,RPA0006,USA,102.4,20.0,20.5,10.0,40.0,50.0,50.0,1024.0,,,
blank,C03,RPA0006,BLANK,6.5,20.0,3.3,25.0,25.0,50.0,50.0,162.5,,,
CFR0192,D03,RPA0006,FRA,49.9,20.0,20.0,20.0,30.0,50.0,50.0,1000.0,,,
CGR0059,E03,RPA0006,GER,24.7,20.0,12.4,25.0,25.0,50.0,50.0,617.5,,,
CFR0261,F03,RPA0006,FRA,51.3,20.0,20.5,20.0,30.0,50.0,50.0,1026.0,,,
CAR0818,G03,RPA0006,USA,15.8,20.0,7.9,25.0,25.0,50.0,50.0,395.0,,,
CGR0151,H03,RPA0006,GER,322.1,20.0,20.5,3.2,47.0,50.0,50.2,1026.6,,,
CAR0815,A04,RPA0006,USA,59.7,20.0,20.3,17.0,33.0,50.0,50.0,1014.9,,,
CGR0168,B04,RPA0006,GER,126.9,20.0,20.3,8.0,42.0,50.0,50.0,1015.2,,,
CAR0732,C04,RPA0006,USA,224.4,20.0,19.7,4.4,45.6,50.0,50.0,987.4,,,
CFR0147,D04,RPA0006,FRA,17.6,20.0,8.8,25.0,25.0,50.0,50.0,440.0,,,
CAR0849,E04,RPA0006,USA,459.5,20.0,20.2,2.2,47.8,50.0,50.0,1010.9,,,
CGR0183,F04,RPA0006,GER,585.4,20.0,23.4,2.0,48.0,50.0,50.0,1170.8,,,
CFR0128,G04,RPA0006,FRA,41.1,20.0,20.6,25.0,25.0,50.0,50.0,1027.5,,,
CFR0450,H04,RPA0006,FRA,29.1,20.0,14.6,25.0,25.0,50.0,50.0,727.5,,,
CGR0260,A05,RPA0006,GER,325.5,20.0,19.5,3.0,47.0,50.0,50.0,976.5,,,
CAR0894,B05,RPA0006,USA,101.6,20.0,20.3,10.0,40.0,50.0,50.0,1016.0,,,
CGR0324,C05,RPA0006,GER,124.5,20.0,20.0,8.0,42.0,50.0,50.0,1000.0,,,
CFR0223,D05,RPA0006,FRA,20.8,20.0,10.4,25.0,25.0,50.0,50.0,520.0,,,
CGR0314,E05,RPA0006,GER,331.3,20.0,20.0,3.0,47.0,50.0,50.0,1000.0,,,
CGR0131,F05,RPA0006,GER,431.2,20.0,19.0,2.2,48.0,50.0,50.2,948.6,,,
CAR0690,G05,RPA0006,USA,3.5,20.0,1.8,25.0,25.0,50.0,50.0,87.5,,,
CFR0228,H05,RPA0006,FRA,59.5,20.0,20.2,17.0,33.0,50.0,50.0,1011.5,,,
CAR0908,A06,RPA0006,USA,163.9,20.0,19.7,6.0,44.0,50.0,50.0,983.4,,,
CFR0252,B06,RPA0006,FRA,173.5,20.0,20.8,6.0,44.0,50.0,50.0,1041.0,,,
CGR0107,C06,RPA0006,GER,87.5,20.0,17.5,10.0,40.0,50.0,50.0,875.0,,,
blank,D06,RPA0006,BLANK,3.6,20.0,1.8,25.0,25.0,50.0,50.0,90.0,,,
CGR0155,E06,RPA0006,GER,257.2,20.0,20.6,4.0,46.0,50.0,50.0,1028.8,,,
CFR0026,F06,RPA0006,FRA,10.5,20.0,5.3,25.0,25.0,50.0,50.0,262.5,,,
CGR0464,G06,RPA0006,GER,25.6,20.0,12.8,25.0,25.0,50.0,50.0,640.0,,,
CAR0767,H06,RPA0006,USA,224.8,20.0,19.8,4.4,45.6,50.0,50.0,989.1,,,
CAR0920,A07,RPA0006,USA,123.3,20.0,19.7,8.0,42.0,50.0,50.0,986.4,,,
CGR0058,B07,RPA0006,GER,147,20.0,20.6,7.0,43.0,50.0,50.0,1029.0,,,
CFR0247,C07,RPA0006,FRA,148.3,20.0,20.8,7.0,43.0,50.0,50.0,1038.1,,,
CGR0139,D07,RPA0006,GER,204.5,20.0,20.5,5.0,45.0,50.0,50.0,1022.5,,,
CGR0342,E07,RPA0006,GER,564,20.0,22.6,2.0,48.0,50.0,50.0,1128.0,,,
CAR0793,F07,RPA0006,USA,643.3,20.0,25.7,2.0,48.0,50.0,50.0,1286.6,,,
CFR0153,G07,RPA0006,FRA,47.4,20.0,19.9,21.0,29.0,50.0,50.0,995.4,,,
CFR0108,H07,RPA0006,FRA,280.8,20.0,20.2,3.6,46.4,50.0,50.0,1010.9,,,
CAR0329,A08,RPA0006,USA,75.1,20.0,22.5,15.0,35.0,50.0,50.0,1126.5,,,
CFR0438,B08,RPA0006,FRA,4.7,20.0,2.4,25.0,25.0,50.0,50.0,117.5,,,
CFR0100,C08,RPA0006,FRA,35.9,20.0,18.0,25.0,25.0,50.0,50.0,897.5,,,
CAR0726,D08,RPA0006,USA,87.5,20.0,17.5,10.0,40.0,50.0,50.0,875.0,,,
CAR0401,E08,RPA0006,USA,13.6,20.0,6.8,25.0,25.0,50.0,50.0,340.0,,,
CGR0149,F08,RPA0006,GER,347.7,20.0,20.9,3.0,47.0,50.0,50.0,1043.1,,,
CGR0332,G08,RPA0006,GER,139.8,20.0,19.6,7.0,43.0,50.0,50.0,978.6,,,
CGR0129,H08,RPA0006,GER,501.4,20.0,20.0,2.0,48.0,50.0,50.0,1000.0,,,
EB,A09,RPA0006,EB,0,20.0,0.0,25.0,25.0,50.0,50.0,0.0,,,
CFR0283,B09,RPA0006,FRA,28.8,20.0,14.4,25.0,25.0,50.0,50.0,720.0,,,
CAR0672,C09,RPA0006,USA,216,20.0,21.6,5.0,45.0,50.0,50.0,1080.0,,,
CFR0174,D09,RPA0006,FRA,190.8,20.0,19.8,5.2,45.0,50.0,50.2,988.2,,,
blank,E09,RPA0006,BLANK,2.6,20.0,1.3,25.0,25.0,50.0,50.0,65.0,,,
CGR0105,F09,RPA0006,GER,111.4,20.0,20.0,9.0,41.0,50.0,50.0,1000.0,,,
CGR0166,G09,RPA0006,GER,30.2,20.0,15.1,25.0,25.0,50.0,50.0,755.0,,,
CGR0195,H09,RPA0006,GER,48.5,20.0,19.7,20.6,30.0,50.0,50.6,987.3,,,
CFR0161,A10,RPA0006,FRA,150.6,20.0,19.9,6.6,43.4,50.0,50.0,994.0,,,
CFR0405,B10,RPA0006,FRA,137.3,20.0,19.7,7.2,43.0,50.0,50.2,984.6,,,
CGR0178,C10,RPA0006,GER,266.3,20.0,20.2,3.8,46.2,50.0,50.0,1011.9,,,
CGR0193,D10,RPA0006,GER,474.5,20.0,20.8,2.2,48.0,50.0,50.2,1039.7,,,
CGR0204,E10,RPA0006,GER,107.8,20.0,19.8,9.2,40.8,50.0,50.0,991.8,,,
CFR0096,F10,RPA0006,FRA,29.6,20.0,14.8,25.0,25.0,50.0,50.0,740.0,,,
CAR0963,G10,RPA0006,USA,422.4,20.0,20.1,2.4,48.0,50.0,50.4,1005.7,,,
CAR0390,H10,RPA0006,USA,71.9,20.0,21.6,15.0,35.0,50.0,50.0,1078.5,,,
CFR0042,A11,RPA0006,FRA,25.2,20.0,12.6,25.0,25.0,50.0,50.0,630.0,,,
CFR0191,B11,RPA0006,FRA,10.3,20.0,5.2,25.0,25.0,50.0,50.0,257.5,,,
CAR0870,C11,RPA0006,USA,48.3,20.0,20.3,21.0,29.0,50.0,50.0,1014.3,,,
CAR0440,D11,RPA0006,USA,17.2,20.0,8.6,25.0,25.0,50.0,50.0,430.0,,,
CFR0033,E11,RPA0006,FRA,10.6,20.0,5.3,25.0,25.0,50.0,50.0,265.0,,,
CAR0816,F11,RPA0006,USA,122.5,20.0,19.6,8.0,42.0,50.0,50.0,980.0,,,
CGR0322,G11,RPA0006,GER,133.2,20.0,18.6,7.0,43.0,50.0,50.0,932.4,,,
CAR0731,H11,RPA0006,USA,240.4,20.0,19.2,4.0,46.0,50.0,50.0,961.6,,,
CGR0104,A12,RPA0006,GER,48,20.0,20.2,21.0,29.0,50.0,50.0,1008.0,,,
CAR0919,B12,RPA0006,USA,396.8,20.0,15.9,2.0,48.0,50.0,50.0,793.6,,,
CFR0060,C12,RPA0006,FRA,28.6,20.0,14.3,25.0,25.0,50.0,50.0,715.0,,,
CGR0367,D12,RPA0006,GER,28.7,20.0,14.4,25.0,25.0,50.0,50.0,717.5,,,
CFR0187,E12,RPA0006,FRA,20.1,20.0,10.1,25.0,25.0,50.0,50.0,502.5,,,
CFR0395,F12,RPA0006,FRA,115.5,20.0,20.8,9.0,41.0,50.0,50.0,1039.5,,,
CFR0334,G12,RPA0006,FRA,80.6,20.0,16.1,10.0,40.0,50.0,50.0,806.0,,,
CGR0187,H12,RPA0006,GER,72.2,20.0,21.7,15.0,35.0,50.0,50.0,1083.0,,,
CGR0341,A01,RPA0007,GER,198.2,20.0,20.0,5.0,45.0,50.0,50.0,1000.0,,,
CAR0367,B01,RPA0007,USA,206.9,20.0,20.7,5.0,45.0,50.0,50.0,1034.5,,,
CGR0288,C01,RPA0007,GER,126.7,20.0,20.3,8.0,42.0,50.0,50.0,1013.6,,,
CGR0134,D01,RPA0007,GER,209.7,20.0,21.0,5.0,45.0,50.0,50.0,1048.5,,,
CGR0165,E01,RPA0007,GER,160.2,20.0,19.2,6.0,44.0,50.0,50.0,961.2,,,
CGR0182,F01,RPA0007,GER,1020.6,20.0,40.8,2.0,48.0,50.0,50.0,2041.2,,,
CFR0305,G01,RPA0007,FRA,196.6,20.0,19.7,5.0,45.0,50.0,50.0,983.0,,,
CGR0179,H01,RPA0007,GER,463.6,20.0,18.5,2.0,48.0,50.0,50.0,927.2,,,
blank,A02,RPA0007,BLANK,5.3,20.0,2.7,25.0,25.0,50.0,50.0,132.5,,,
CAR0564,B02,RPA0007,USA,84.6,20.0,16.9,10.0,40.0,50.0,50.0,846.0,,,
CFR0166,C02,RPA0007,FRA,142.2,20.0,20.0,7.0,43.0,50.0,50.0,1000.0,,,
CAR0689,D02,RPA0007,USA,59.7,20.0,20.3,17.0,33.0,50.0,50.0,1014.9,,,
CAR0858,E02,RPA0007,USA,540.3,20.0,21.6,2.0,48.0,50.0,50.0,1080.6,,,
CAR0416,F02,RPA0007,USA,168.9,20.0,20.3,6.0,44.0,50.0,50.0,1013.4,,,
CGR0276,G02,RPA0007,GER,128.7,20.0,20.6,8.0,42.0,50.0,50.0,1029.6,,,
CFR0068,H02,RPA0007,FRA,80.9,20.0,16.2,10.0,40.0,50.0,50.0,809.0,,,
CFR0327,A03,RPA0007,FRA,50.4,20.0,20.2,20.0,30.0,50.0,50.0,1008.0,,,
CGR0053,B03,RPA0007,GER,75.9,20.0,22.8,15.0,35.0,50.0,50.0,1138.5,,,
CAR0437,C03,RPA0007,USA,244.5,20.0,19.6,4.0,46.0,50.0,50.0,978.0,,,
CAR0704,D03,RPA0007,USA,81.7,20.0,16.3,10.0,40.0,50.0,50.0,817.0,,,
CGR0086,E03,RPA0007,GER,134.7,20.0,18.9,7.0,43.0,50.0,50.0,942.9,,,
CGR0076,F03,RPA0007,GER,30.5,20.0,15.3,25.0,25.0,50.0,50.0,762.5,,,
CFR0038,G03,RPA0007,FRA,34.3,20.0,17.2,25.0,25.0,50.0,50.0,857.5,,,
CAR0654,H03,RPA0007,USA,55.7,20.0,20.0,18.0,32.0,50.0,50.0,1000.0,,,
CFR0206,A04,RPA0007,FRA,110.2,20.0,19.8,9.0,41.0,50.0,50.0,991.8,,,
CAR0729,B04,RPA0007,USA,88.3,20.0,17.7,10.0,40.0,50.0,50.0,883.0,,,
CFR0222,C04,RPA0007,FRA,283.6,20.0,17.0,3.0,47.0,50.0,50.0,850.8,,,
CFR0049,D04,RPA0007,FRA,94.8,20.0,19.0,10.0,40.0,50.0,50.0,948.0,,,
CGR0420,E04,RPA0007,GER,228.6,20.0,18.3,4.0,46.0,50.0,50.0,914.4,,,
EB,F04,RPA0007,EB,9.9,20.0,5.0,25.0,25.0,50.0,50.0,247.5,,,
blank,G04,RPA0007,BLANK,7.2,20.0,3.6,25.0,25.0,50.0,50.0,180.0,,,
CGR0040,H04,RPA0007,GER,76.1,20.0,22.8,15.0,35.0,50.0,50.0,1141.5,,,
CFR0404,A05,RPA0007,FRA,342,20.0,20.5,3.0,47.0,50.0,50.0,1026.0,,,
CFR0402,B05,RPA0007,FRA,195.7,20.0,19.6,5.0,45.0,50.0,50.0,978.5,,,
CGR0074,C05,RPA0007,GER,26.5,20.0,13.3,25.0,25.0,50.0,50.0,662.5,,,
CFR0308,D05,RPA0007,FRA,138,20.0,19.3,7.0,43.0,50.0,50.0,966.0,,,
CAR0759,E05,RPA0007,USA,200.1,20.0,20.0,5.0,45.0,50.0,50.0,1000.0,,,
CFR0069,F05,RPA0007,FRA,135.4,20.0,21.7,8.0,42.0,50.0,50.0,1083.2,,,
CFR0020,G05,RPA0007,FRA,51.8,20.0,20.7,20.0,30.0,50.0,50.0,1036.0,,,
CFR0167,H05,RPA0007,FRA,274.7,20.0,22.0,4.0,46.0,50.0,50.0,1098.8,,,
CFR0213,A06,RPA0007,FRA,164.5,20.0,19.7,6.0,44.0,50.0,50.0,987.0,,,
CFR0160,B06,RPA0007,FRA,169.3,20.0,20.3,6.0,44.0,50.0,50.0,1015.8,,,
CFR0279,C06,RPA0007,FRA,136.5,20.0,19.1,7.0,43.0,50.0,50.0,955.5,,,
CGR0028,D06,RPA0007,GER,51.7,20.0,20.7,20.0,30.0,50.0,50.0,1034.0,,,
CAR0656,E06,RPA0007,USA,147.4,20.0,20.6,7.0,43.0,50.0,50.0,1031.8,,,
CGR0214,F06,RPA0007,GER,70.1,20.0,21.0,15.0,35.0,50.0,50.0,1051.5,,,
CFR0152,G06,RPA0007,FRA,58.4,20.0,19.9,17.0,33.0,50.0,50.0,992.8,,,
CFR0330,H06,RPA0007,FRA,121.7,20.0,19.5,8.0,42.0,50.0,50.0,973.6,,,
CAR0942,A07,RPA0007,USA,223.5,20.0,17.9,4.0,46.0,50.0,50.0,894.0,,,
CGR0379,B07,RPA0007,GER,236.1,20.0,18.9,4.0,46.0,50.0,50.0,944.4,,,
CGR0027,C07,RPA0007,GER,27.2,20.0,13.6,25.0,25.0,50.0,50.0,680.0,,,
CGR0041,D07,RPA0007,GER,144.7,20.0,20.3,7.0,43.0,50.0,50.0,1012.9,,,
CGR0392,E07,RPA0007,GER,36.6,20.0,18.3,25.0,25.0,50.0,50.0,915.0,,,
CGR0427,F07,RPA0007,GER,326.4,20.0,19.6,3.0,47.0,50.0,50.0,979.2,,,
CFR0158,G07,RPA0007,FRA,145.9,20.0,20.4,7.0,43.0,50.0,50.0,1021.3,,,
CFR0085,H07,RPA0007,FRA,37.7,20.0,18.9,25.0,25.0,50.0,50.0,942.5,,,
CGR0043,A08,RPA0007,GER,150.5,20.0,21.1,7.0,43.0,50.0,50.0,1053.5,,,
CFR0144,B08,RPA0007,FRA,183.4,20.0,18.3,5.0,45.0,50.0,50.0,917.0,,,
CGR0070,C08,RPA0007,GER,59.9,20.0,20.4,17.0,33.0,50.0,50.0,1018.3,,,
DEPC,D08,RPA0007,DEPC,4.6,20.0,2.3,25.0,25.0,50.0,50.0,115.0,,,
CFR0056,E08,RPA0007,FRA,48.9,20.0,20.5,21.0,29.0,50.0,50.0,1026.9,,,
CFR0392,F08,RPA0007,FRA,97.2,20.0,19.4,10.0,40.0,50.0,50.0,972.0,,,
CAR0803,G08,RPA0007,USA,179.7,20.0,21.6,6.0,44.0,50.0,50.0,1078.2,,,
CFR0139,H08,RPA0007,FRA,265,20.0,21.2,4.0,46.0,50.0,50.0,1060.0,,,
CFR0183,A09,RPA0007,FRA,20.4,20.0,10.2,25.0,25.0,50.0,50.0,510.0,,,
CFR0134,B09,RPA0007,FRA,300.9,20.0,18.1,3.0,47.0,50.0,50.0,902.7,,,
CGR0007,C09,RPA0007,GER,55.4,20.0,19.9,18.0,32.0,50.0,50.0,997.2,,,
CAR0422,D09,RPA0007,USA,335,20.0,20.0,3.0,47.0,50.0,50.0,1000.0,,,
CGR0099,E09,RPA0007,GER,97.4,20.0,19.5,10.0,40.0,50.0,50.0,974.0,,,
CFR0274,F09,RPA0007,FRA,13.8,20.0,6.9,25.0,25.0,50.0,50.0,345.0,,,
CFR0441,G09,RPA0007,FRA,39.7,20.0,19.9,25.0,25.0,50.0,50.0,992.5,,,
CFR0055,H09,RPA0007,FRA,39,20.0,19.5,25.0,25.0,50.0,50.0,975.0,,,
CFR0277,A10,RPA0007,FRA,149.7,20.0,21.0,7.0,43.0,50.0,50.0,1047.9,,,
CGR0394,B10,RPA0007,GER,299.9,20.0,18.0,3.0,47.0,50.0,50.0,899.7,,,
CAR0921,C10,RPA0007,USA,361.2,20.0,21.7,3.0,47.0,50.0,50.0,1083.6,,,
CGR0281,D10,RPA0007,GER,320.4,20.0,19.2,3.0,47.0,50.0,50.0,961.2,,,
CGR0301,E10,RPA0007,GER,97.9,20.0,19.6,10.0,40.0,50.0,50.0,979.0,,,
CFR0024,F10,RPA0007,FRA,43.9,20.0,20.2,23.0,27.0,50.0,50.0,1009.7,,,
CAR0747,G10,RPA0007,USA,104.9,20.0,21.0,10.0,40.0,50.0,50.0,1049.0,,,
CGR0255,H10,RPA0007,GER,252.6,20.0,20.0,4.0,46.0,50.0,50.0,1000.0,,,
CGR0389,A11,RPA0007,GER,309.1,20.0,18.5,3.0,47.0,50.0,50.0,927.3,,,
CAR0655,B11,RPA0007,USA,80.2,20.0,16.0,10.0,40.0,50.0,50.0,802.0,,,
CGR0142,C11,RPA0007,GER,221,20.0,17.7,4.0,46.0,50.0,50.0,884.0,,,
CAR0407,D11,RPA0007,USA,6.6,20.0,3.3,25.0,25.0,50.0,50.0,165.0,,,
CAR0927,E11,RPA0007,USA,217,20.0,21.7,5.0,45.0,50.0,50.0,1085.0,,,
CGR0364,F11,RPA0007,GER,231.3,20.0,18.5,4.0,46.0,50.0,50.0,925.2,,,
CAR0727,G11,RPA0007,USA,75.7,20.0,22.7,15.0,35.0,50.0,50.0,1135.5,,,
CAR0834,H11,RPA0007,USA,68.8,20.0,20.6,15.0,35.0,50.0,50.0,1032.0,,,
CFR0040,A12,RPA0007,FRA,50.4,20.0,20.2,20.0,30.0,50.0,50.0,1008.0,,,
CFR0432,B12,RPA0007,FRA,176,20.0,21.1,6.0,44.0,50.0,50.0,1056.0,,,
CAR0829,C12,RPA0007,USA,68.7,20.0,20.6,15.0,35.0,50.0,50.0,1030.5,,,
CFR0422,D12,RPA0007,FRA,100.7,20.0,20.1,10.0,40.0,50.0,50.0,1007.0,,,
CGR0021,E12,RPA0007,GER,52.1,20.0,20.8,20.0,30.0,50.0,50.0,1042.0,,,
CFR0289,F12,RPA0007,FRA,55.1,20.0,20.9,19.0,31.0,50.0,50.0,1046.9,,,
CAR0570,G12,RPA0007,USA,67.4,20.0,20.2,15.0,35.0,50.0,50.0,1011.0,,,
CFR0293,H12,RPA0007,FRA,326.4,20.0,19.6,3.0,47.0,50.0,50.0,979.2,,,
CFR0141,A01,RPA0008,FRA,240.5,20.0,19.2,4.0,46.0,50.0,50.0,962.0,,,
CFR0325,B01,RPA0008,FRA,209.4,20.0,20.9,5.0,45.0,50.0,50.0,1047.0,,,
CFR0452,C01,RPA0008,FRA,284.7,20.0,17.1,3.0,47.0,50.0,50.0,854.1,,,
blank,D01,RPA0008,BLANK,5,20.0,2.5,25.0,25.0,50.0,50.0,125.0,,,
CFR0243,E01,RPA0008,FRA,111.7,20.0,20.0,9.0,41.0,50.0,50.0,1000.0,,,
CAR0497,F01,RPA0008,USA,111.2,20.0,20.0,9.0,41.0,50.0,50.0,1000.0,,,
CAR0965,G01,RPA0008,USA,629.8,20.0,25.2,2.0,48.0,50.0,50.0,1259.6,,,
CFR0393,H01,RPA0008,FRA,34.1,20.0,17.1,25.0,25.0,50.0,50.0,852.5,,,
CFR0140,A02,RPA0008,FRA,129.8,20.0,20.8,8.0,42.0,50.0,50.0,1038.4,,,
CGR0244,B02,RPA0008,GER,225,20.0,18.0,4.0,46.0,50.0,50.0,900.0,,,
CGR0382,C02,RPA0008,GER,489.7,20.0,20.0,2.0,48.0,50.0,50.0,1000.0,,,
CFR0157,D02,RPA0008,FRA,135.6,20.0,21.7,8.0,42.0,50.0,50.0,1084.8,,,
CFR0265,E02,RPA0008,FRA,20,20.0,10.0,25.0,25.0,50.0,50.0,500.0,,,
CAR0962,F02,RPA0008,USA,659.9,20.0,26.4,2.0,48.0,50.0,50.0,1319.8,,,
CGR0363,G02,RPA0008,GER,104.5,20.0,20.9,10.0,40.0,50.0,50.0,1045.0,,,
CGR0073,H02,RPA0008,GER,56.5,20.0,20.3,18.0,32.0,50.0,50.0,1017.0,,,
CAR0939,A03,RPA0008,USA,510.8,20.0,20.0,2.0,48.0,50.0,50.0,1000.0,,,
CFR0032,B03,RPA0008,FRA,69.4,20.0,20.8,15.0,35.0,50.0,50.0,1041.0,,,
CGR0137,C03,RPA0008,GER,162.3,20.0,19.5,6.0,44.0,50.0,50.0,973.8,,,
CAR0840,D03,RPA0008,USA,62.7,20.0,20.1,16.0,34.0,50.0,50.0,1003.2,,,
CFR0176,E03,RPA0008,FRA,233.4,20.0,18.7,4.0,46.0,50.0,50.0,933.6,,,
CGR0361,F03,RPA0008,GER,234.4,20.0,18.8,4.0,46.0,50.0,50.0,937.6,,,
CGR0371,G03,RPA0008,GER,67.3,20.0,20.2,15.0,35.0,50.0,50.0,1009.5,,,
CGR0094,H03,RPA0008,GER,45.1,20.0,19.8,22.0,28.0,50.0,50.0,992.2,,,
CGR0143,A04,RPA0008,GER,172,20.0,20.6,6.0,44.0,50.0,50.0,1032.0,,,
CAR0781,B04,RPA0008,USA,158.1,20.0,19.0,6.0,44.0,50.0,50.0,948.6,,,
CAR0740,C04,RPA0008,USA,149.4,20.0,20.9,7.0,43.0,50.0,50.0,1045.8,,,
CAR0902,D04,RPA0008,USA,161.3,20.0,19.4,6.0,44.0,50.0,50.0,967.8,,,
CGR0294,E04,RPA0008,GER,124.5,20.0,20.0,8.0,42.0,50.0,50.0,1000.0,,,
CAR0775,F04,RPA0008,USA,163,20.0,19.6,6.0,44.0,50.0,50.0,978.0,,,
CAR0887,G04,RPA0008,USA,83.6,20.0,16.7,10.0,40.0,50.0,50.0,836.0,,,
CFR0117,H04,RPA0008,FRA,124.3,20.0,20.0,8.0,42.0,50.0,50.0,1000.0,,,
CGR0047,A05,RPA0008,GER,96.2,20.0,19.2,10.0,40.0,50.0,50.0,962.0,,,
CFR0017,B05,RPA0008,FRA,83.1,20.0,16.6,10.0,40.0,50.0,50.0,831.0,,,
CAR0695,C05,RPA0008,USA,215.3,20.0,21.5,5.0,45.0,50.0,50.0,1076.5,,,
CGR0435,D05,RPA0008,GER,119.3,20.0,21.5,9.0,41.0,50.0,50.0,1073.7,,,
CGR0092,E05,RPA0008,GER,120.8,20.0,21.7,9.0,41.0,50.0,50.0,1087.2,,,
CFR0259,F05,RPA0008,FRA,189.6,20.0,19.0,5.0,45.0,50.0,50.0,948.0,,,
CFR0270,G05,RPA0008,FRA,156.8,20.0,22.0,7.0,43.0,50.0,50.0,1097.6,,,
blank,H05,RPA0008,BLANK,5,20.0,2.5,25.0,25.0,50.0,50.0,125.0,,,
CFR0030,A06,RPA0008,FRA,20.4,20.0,10.2,25.0,25.0,50.0,50.0,510.0,,,
CFR0383,B06,RPA0008,FRA,402.4,20.0,16.1,2.0,48.0,50.0,50.0,804.8,,,
CAR0961,C06,RPA0008,USA,737.9,20.0,29.5,2.0,48.0,50.0,50.0,1475.8,,,
CGR0372,D06,RPA0008,GER,164.1,20.0,19.7,6.0,44.0,50.0,50.0,984.6,,,
CGR0461,E06,RPA0008,GER,94.1,20.0,18.8,10.0,40.0,50.0,50.0,941.0,,,
CFR0210,F06,RPA0008,FRA,118.9,20.0,21.4,9.0,41.0,50.0,50.0,1070.1,,,
CGR0418,G06,RPA0008,GER,495.4,20.0,20.0,2.0,48.0,50.0,50.0,1000.0,,,
CGR0136,H06,RPA0008,GER,72.1,20.0,21.6,15.0,35.0,50.0,50.0,1081.5,,,
CAR0397,A07,RPA0008,USA,23.8,20.0,11.9,25.0,25.0,50.0,50.0,595.0,,,
EB,B07,RPA0008,EB,4.4,20.0,2.2,25.0,25.0,50.0,50.0,110.0,,,
CGR0368,C07,RPA0008,GER,69.5,20.0,20.9,15.0,35.0,50.0,50.0,1042.5,,,
CGR0019,D07,RPA0008,GER,156.7,20.0,21.9,7.0,43.0,50.0,50.0,1096.9,,,
CGR0022,E07,RPA0008,GER,94.5,20.0,18.9,10.0,40.0,50.0,50.0,945.0,,,
CAR0469,F07,RPA0008,USA,83.8,20.0,16.8,10.0,40.0,50.0,50.0,838.0,,,
CGR0096,G07,RPA0008,GER,579,20.0,23.2,2.0,48.0,50.0,50.0,1158.0,,,
CAR0441,H07,RPA0008,USA,35.2,20.0,17.6,25.0,25.0,50.0,50.0,880.0,,,
CGR0080,A08,RPA0008,GER,263.8,20.0,21.1,4.0,46.0,50.0,50.0,1055.2,,,
CFR0229,B08,RPA0008,FRA,78.3,20.0,23.5,15.0,35.0,50.0,50.0,1174.5,,,
CGR0257,C08,RPA0008,GER,176.9,20.0,21.2,6.0,44.0,50.0,50.0,1061.4,,,
CGR0078,D08,RPA0008,GER,75.9,20.0,22.8,15.0,35.0,50.0,50.0,1138.5,,,
CGR0123,E08,RPA0008,GER,154.7,20.0,21.7,7.0,43.0,50.0,50.0,1082.9,,,
CAR0351,F08,RPA0008,USA,78.8,20.0,23.6,15.0,35.0,50.0,50.0,1182.0,,,
CFR0202,G08,RPA0008,FRA,161.6,20.0,19.4,6.0,44.0,50.0,50.0,969.6,,,
CFR0387,H08,RPA0008,FRA,56.2,20.0,20.2,18.0,32.0,50.0,50.0,1011.6,,,
CGR0388,A09,RPA0008,GER,1114.1,20.0,44.6,2.0,48.0,50.0,50.0,2228.2,,,
CGR0466,B09,RPA0008,GER,261.1,20.0,20.9,4.0,46.0,50.0,50.0,1044.4,,,
CGR0431,C09,RPA0008,GER,104,20.0,20.8,10.0,40.0,50.0,50.0,1040.0,,,
CFR0031,D09,RPA0008,FRA,64.8,20.0,20.7,16.0,34.0,50.0,50.0,1036.8,,,
CFR0204,E09,RPA0008,FRA,152.7,20.0,21.4,7.0,43.0,50.0,50.0,1068.9,,,
blank,F09,RPA0008,BLANK,4.5,20.0,2.3,25.0,25.0,50.0,50.0,112.5,,,
CAR0938,G09,RPA0008,USA,77.1,20.0,23.1,15.0,35.0,50.0,50.0,1156.5,,,
CFR0320,H09,RPA0008,FRA,44.8,20.0,20.6,23.0,27.0,50.0,50.0,1030.4,,,
CGR0050,A10,RPA0008,GER,225.9,20.0,18.1,4.0,46.0,50.0,50.0,903.6,,,
CGR0097,B10,RPA0008,GER,212.4,20.0,21.2,5.0,45.0,50.0,50.0,1062.0,,,
CGR0079,C10,RPA0008,GER,18.6,20.0,9.3,25.0,25.0,50.0,50.0,465.0,,,
CFR0301,D10,RPA0008,FRA,327.4,20.0,19.6,3.0,47.0,50.0,50.0,982.2,,,
CGR0275,E10,RPA0008,GER,90.3,20.0,18.1,10.0,40.0,50.0,50.0,903.0,,,
CFR0012,F10,RPA0008,FRA,61,20.0,19.5,16.0,34.0,50.0,50.0,976.0,,,
CFR0304,G10,RPA0008,FRA,130.3,20.0,20.8,8.0,42.0,50.0,50.0,1042.4,,,
CAR0325,H10,RPA0008,USA,303.7,20.0,18.2,3.0,47.0,50.0,50.0,911.1,,,
CGR0126,A11,RPA0008,GER,280.7,20.0,16.8,3.0,47.0,50.0,50.0,842.1,,,
CGR0049,B11,RPA0008,GER,60.5,20.0,20.6,17.0,33.0,50.0,50.0,1028.5,,,
CGR0044,C11,RPA0008,GER,89.2,20.0,17.8,10.0,40.0,50.0,50.0,892.0,,,
blank,D11,RPA0008,BLANK,2.6,20.0,1.3,25.0,25.0,50.0,50.0,65.0,,,
CAR0545,E11,RPA0008,USA,176.3,20.0,21.2,6.0,44.0,50.0,50.0,1057.8,,,
CGR0087,F11,RPA0008,GER,108.3,20.0,21.7,10.0,40.0,50.0,50.0,1083.0,,,
CFR0080,G11,RPA0008,FRA,16.1,20.0,8.1,25.0,25.0,50.0,50.0,402.5,,,
CAR0343,H11,RPA0008,USA,82.9,20.0,16.6,10.0,40.0,50.0,50.0,829.0,,,
CAR0945,A12,RPA0008,USA,201.2,20.0,20.0,5.0,45.0,50.0,50.0,1000.0,,,
CAR0830,B12,RPA0008,USA,113.9,20.0,20.5,9.0,41.0,50.0,50.0,1025.1,,,
CAR0854,C12,RPA0008,USA,376,20.0,15.0,2.0,48.0,50.0,50.0,752.0,,,
CFR0098,D12,RPA0008,FRA,77.4,20.0,23.2,15.0,35.0,50.0,50.0,1161.0,,,
CGR0015,E12,RPA0008,GER,69.1,20.0,20.7,15.0,35.0,50.0,50.0,1036.5,,,
DEPC,F12,RPA0008,DEPC,2.6,20.0,1.3,25.0,25.0,50.0,50.0,65.0,,,
CFR0335,G12,RPA0008,FRA,93.8,20.0,18.8,10.0,40.0,50.0,50.0,938.0,,,
CGR0085,H12,RPA0008,GER,149.8,20.0,21.0,7.0,43.0,50.0,50.0,1048.6,,,
CGR0442,A01,RPA0009,GER,169.8,20.0,20.4,6.0,44.0,50.0,50.0,1018.8,,,
CFR0194,B01,RPA0009,FRA,160.5,20.0,19.3,6.0,44.0,50.0,50.0,963.0,,,
CFR0093,C01,RPA0009,FRA,354.1,20.0,21.2,3.0,47.0,50.0,50.0,1062.3,,,
CFR0171,D01,RPA0009,FRA,37.6,20.0,18.8,25.0,25.0,50.0,50.0,940.0,,,
CFR0094,E01,RPA0009,FRA,37,20.0,18.5,25.0,25.0,50.0,50.0,925.0,,,
CGR0089,F01,RPA0009,GER,126.5,20.0,20.2,8.0,42.0,50.0,50.0,1012.0,,,
CFR0189,G01,RPA0009,FRA,27.2,20.0,13.6,25.0,25.0,50.0,50.0,680.0,,,
CFR0410,H01,RPA0009,FRA,41.4,20.0,19.9,24.0,26.0,50.0,50.0,993.6,,,
CFR0284,A02,RPA0009,FRA,171.1,20.0,20.5,6.0,44.0,50.0,50.0,1026.6,,,
CAR0710,B02,RPA0009,USA,118.3,20.0,21.3,9.0,41.0,50.0,50.0,1064.7,,,
CFR0133,C02,RPA0009,FRA,310.7,20.0,18.6,3.0,47.0,50.0,50.0,932.1,,,
CFR0241,D02,RPA0009,FRA,244.1,20.0,19.5,4.0,46.0,50.0,50.0,976.4,,,
CFR0212,E02,RPA0009,FRA,57.2,20.0,20.6,18.0,32.0,50.0,50.0,1029.6,,,
CFR0464,F02,RPA0009,FRA,445.3,20.0,17.8,2.0,48.0,50.0,50.0,890.6,,,
CAR0944,G02,RPA0009,USA,279.5,20.0,16.8,3.0,47.0,50.0,50.0,838.5,,,
CFR0329,H02,RPA0009,FRA,234.9,20.0,18.8,4.0,46.0,50.0,50.0,939.6,,,
CFR0282,A03,RPA0009,FRA,123,20.0,19.7,8.0,42.0,50.0,50.0,984.0,,,
CFR0365,B03,RPA0009,FRA,209.9,20.0,21.0,5.0,45.0,50.0,50.0,1049.5,,,
CFR0286,C03,RPA0009,FRA,42.4,20.0,20.4,24.0,26.0,50.0,50.0,1017.6,,,
blank,D03,RPA0009,BLANK,6.8,20.0,3.4,25.0,25.0,50.0,50.0,170.0,,,
CAR0423,E03,RPA0009,USA,196.7,20.0,19.7,5.0,45.0,50.0,50.0,983.5,,,
CGR0446,F03,RPA0009,GER,82,20.0,16.4,10.0,40.0,50.0,50.0,820.0,,,
CGR0376,G03,RPA0009,GER,275.2,20.0,16.5,3.0,47.0,50.0,50.0,825.6,,,
CGR0374,H03,RPA0009,GER,122.8,20.0,19.6,8.0,42.0,50.0,50.0,982.4,,,
CGR0013,A04,RPA0009,GER,93.7,20.0,18.7,10.0,40.0,50.0,50.0,937.0,,,
CAR0408,B04,RPA0009,USA,18.5,20.0,9.3,25.0,25.0,50.0,50.0,462.5,,,
EB,C04,RPA0009,EB,3.8,20.0,1.9,25.0,25.0,50.0,50.0,95.0,,,
CGR0014,D04,RPA0009,GER,161.3,20.0,19.4,6.0,44.0,50.0,50.0,967.8,,,
CAR0723,E04,RPA0009,USA,36.2,20.0,18.1,25.0,25.0,50.0,50.0,905.0,,,
CFR0444,F04,RPA0009,FRA,7.2,20.0,3.6,25.0,25.0,50.0,50.0,180.0,,,
CFR0155,G04,RPA0009,FRA,76.4,20.0,22.9,15.0,35.0,50.0,50.0,1146.0,,,
CFR0262,H04,RPA0009,FRA,122.3,20.0,19.6,8.0,42.0,50.0,50.0,978.4,,,
CFR0478,A05,RPA0009,FRA,16.9,20.0,8.5,25.0,25.0,50.0,50.0,422.5,,,
CFR0271,B05,RPA0009,FRA,136.8,20.0,21.9,8.0,42.0,50.0,50.0,1094.4,,,
CGR0366,C05,RPA0009,GER,290.8,20.0,17.4,3.0,47.0,50.0,50.0,872.4,,,
CFR0342,D05,RPA0009,FRA,127.9,20.0,20.5,8.0,42.0,50.0,50.0,1023.2,,,
CGR0055,E05,RPA0009,GER,123.6,20.0,19.8,8.0,42.0,50.0,50.0,988.8,,,
CFR0249,F05,RPA0009,FRA,117.8,20.0,21.2,9.0,41.0,50.0,50.0,1060.2,,,
CGR0397,G05,RPA0009,GER,469.5,20.0,18.8,2.0,48.0,50.0,50.0,939.0,,,
CFR0264,H05,RPA0009,FRA,316.3,20.0,19.0,3.0,47.0,50.0,50.0,948.9,,,
CGR0091,A06,RPA0009,GER,164.8,20.0,19.8,6.0,44.0,50.0,50.0,988.8,,,
CGR0100,B06,RPA0009,GER,1035.5,20.0,41.4,2.0,48.0,50.0,50.0,2071.0,,,
CGR0045,C06,RPA0009,GER,129,20.0,20.6,8.0,42.0,50.0,50.0,1032.0,,,
CAR0822,D06,RPA0009,USA,164.8,20.0,19.8,6.0,44.0,50.0,50.0,988.8,,,
CGR0032,E06,RPA0009,GER,144.9,20.0,20.3,7.0,43.0,50.0,50.0,1014.3,,,
CGR0249,F06,RPA0009,GER,286.7,20.0,17.2,3.0,47.0,50.0,50.0,860.1,,,
CAR0888,G06,RPA0009,USA,87.8,20.0,17.6,10.0,40.0,50.0,50.0,878.0,,,
DEPC,H06,RPA0009,DEPC,1.4,20.0,0.7,25.0,25.0,50.0,50.0,35.0,,,
CFR0113,A07,RPA0009,FRA,112.3,20.0,20.2,9.0,41.0,50.0,50.0,1010.7,,,
CGR0414,B07,RPA0009,GER,171.4,20.0,20.6,6.0,44.0,50.0,50.0,1028.4,,,
CFR0123,C07,RPA0009,FRA,131.6,20.0,21.1,8.0,42.0,50.0,50.0,1052.8,,,
CFR0385,D07,RPA0009,FRA,75.1,20.0,22.5,15.0,35.0,50.0,50.0,1126.5,,,
CAR0926,E07,RPA0009,USA,184.4,20.0,18.4,5.0,45.0,50.0,50.0,922.0,,,
CAR0947,F07,RPA0009,USA,205.3,20.0,20.5,5.0,45.0,50.0,50.0,1026.5,,,
CGR0038,G07,RPA0009,GER,118.4,20.0,21.3,9.0,41.0,50.0,50.0,1065.6,,,
CAR0457,H07,RPA0009,USA,14.6,20.0,7.3,25.0,25.0,50.0,50.0,365.0,,,
CAR0722,A08,RPA0009,USA,79.8,20.0,23.9,15.0,35.0,50.0,50.0,1197.0,,,
CGR0381,B08,RPA0009,GER,275.4,20.0,16.5,3.0,47.0,50.0,50.0,826.2,,,
CGR0077,C08,RPA0009,GER,21.6,20.0,10.8,25.0,25.0,50.0,50.0,540.0,,,
CAR0831,D08,RPA0009,USA,130,20.0,20.8,8.0,42.0,50.0,50.0,1040.0,,,
CGR0245,E08,RPA0009,GER,380.2,20.0,15.2,2.0,48.0,50.0,50.0,760.4,,,
CGR0383,F08,RPA0009,GER,324.3,20.0,19.5,3.0,47.0,50.0,50.0,972.9,,,
CFR0423,G08,RPA0009,FRA,460,20.0,18.4,2.0,48.0,50.0,50.0,920.0,,,
CGR0274,H08,RPA0009,GER,172.6,20.0,20.7,6.0,44.0,50.0,50.0,1035.6,,,
CGR0037,A09,RPA0009,GER,243.4,20.0,19.5,4.0,46.0,50.0,50.0,973.6,,,
CGR0051,B09,RPA0009,GER,93.9,20.0,18.8,10.0,40.0,50.0,50.0,939.0,,,
CAR0709,C09,RPA0009,USA,123.9,20.0,19.8,8.0,42.0,50.0,50.0,991.2,,,
CAR0678,D09,RPA0009,USA,34.8,20.0,17.4,25.0,25.0,50.0,50.0,870.0,,,
CGR0452,E09,RPA0009,GER,255.5,20.0,20.4,4.0,46.0,50.0,50.0,1022.0,,,
CGR0415,F09,RPA0009,GER,236.1,20.0,18.9,4.0,46.0,50.0,50.0,944.4,,,
CAR0459,G09,RPA0009,USA,123.4,20.0,19.7,8.0,42.0,50.0,50.0,987.2,,,
CAR0795,H09,RPA0009,USA,154.3,20.0,21.6,7.0,43.0,50.0,50.0,1080.1,,,
CGR0378,A10,RPA0009,GER,171.3,20.0,20.6,6.0,44.0,50.0,50.0,1027.8,,,
CAR0693,B10,RPA0009,USA,81,20.0,16.2,10.0,40.0,50.0,50.0,810.0,,,
CFR0260,C10,RPA0009,FRA,101,20.0,20.2,10.0,40.0,50.0,50.0,1010.0,,,
CFR0050,D10,RPA0009,FRA,177.7,20.0,21.3,6.0,44.0,50.0,50.0,1066.2,,,
CFR0135,E10,RPA0009,FRA,439.3,20.0,17.6,2.0,48.0,50.0,50.0,878.6,,,
CGR0069,F10,RPA0009,GER,86.8,20.0,17.4,10.0,40.0,50.0,50.0,868.0,,,
CFR0412,G10,RPA0009,FRA,87.4,20.0,17.5,10.0,40.0,50.0,50.0,874.0,,,
CFR0338,H10,RPA0009,FRA,173.3,20.0,20.8,6.0,44.0,50.0,50.0,1039.8,,,
CAR0667,A11,RPA0009,USA,281.2,20.0,16.9,3.0,47.0,50.0,50.0,843.6,,,
CFR0480,B11,RPA0009,FRA,258.5,20.0,20.7,4.0,46.0,50.0,50.0,1034.0,,,
CGR0030,C11,RPA0009,GER,55.2,20.0,21.0,19.0,31.0,50.0,50.0,1048.8,,,
CAR0750,D11,RPA0009,USA,298.2,20.0,17.9,3.0,47.0,50.0,50.0,894.6,,,
CGR0031,E11,RPA0009,GER,98.3,20.0,19.7,10.0,40.0,50.0,50.0,983.0,,,
CGR0018,F11,RPA0009,GER,196.2,20.0,19.6,5.0,45.0,50.0,50.0,981.0,,,
CGR0048,G11,RPA0009,GER,68.7,20.0,20.6,15.0,35.0,50.0,50.0,1030.5,,,
CGR0017,H11,RPA0009,GER,101.2,20.0,20.2,10.0,40.0,50.0,50.0,1012.0,,,
CAR0512,A12,RPA0009,USA,84.2,20.0,16.8,10.0,40.0,50.0,50.0,842.0,,,
CFR0015,B12,RPA0009,FRA,65.2,20.0,19.6,15.0,35.0,50.0,50.0,978.0,,,
CFR0380,C12,RPA0009,FRA,650.4,20.0,26.0,2.0,48.0,50.0,50.0,1300.8,,,
blank,D12,RPA0009,BLANK,5.4,20.0,2.7,25.0,25.0,50.0,50.0,135.0,,,
CGR0020,E12,RPA0009,GER,54.4,20.0,20.7,19.0,31.0,50.0,50.0,1033.6,,,
CFR0009,F12,RPA0009,FRA,53.1,20.0,20.2,19.0,31.0,50.0,50.0,1008.9,,,
CGR0035,G12,RPA0009,GER,172.7,20.0,20.7,6.0,44.0,50.0,50.0,1036.2,,,
CGR0039,H12,RPA0009,GER,141.2,20.0,19.8,7.0,43.0,50.0,50.0,988.4,,,
CFR0310,A01,RPA0010,FRA,45.7,20.0,20.1,22.0,28.0,50.0,50.0,1005.4,,,
CGR0358,B01,RPA0010,GER,66.4,20.0,19.9,15.0,35.0,50.0,50.0,996.0,,,
CFR0217,C01,RPA0010,FRA,34,20.0,17.0,25.0,25.0,50.0,50.0,850.0,,,
CAR0811,D01,RPA0010,USA,103.8,20.0,20.8,10.0,40.0,50.0,50.0,1038.0,,,
CGR0152,E01,RPA0010,GER,268.7,20.0,21.5,4.0,46.0,50.0,50.0,1074.8,,,
CAR0891,F01,RPA0010,USA,149.8,20.0,21.0,7.0,43.0,50.0,50.0,1048.6,,,
CFR0268,G01,RPA0010,FRA,2.9,20.0,1.5,25.0,25.0,50.0,50.0,72.5,,,
CGR0147,H01,RPA0010,GER,178.5,20.0,21.4,6.0,44.0,50.0,50.0,1071.0,,,
CAR0692,A02,RPA0010,USA,97.9,20.0,19.6,10.0,40.0,50.0,50.0,979.0,,,
blank,B02,RPA0010,BLANK,5.6,20.0,2.8,25.0,25.0,50.0,50.0,140.0,,,
CFR0426,C02,RPA0010,FRA,265.3,20.0,21.2,4.0,46.0,50.0,50.0,1061.2,,,
CAR0923,D02,RPA0010,USA,286.6,20.0,17.2,3.0,47.0,50.0,50.0,859.8,,,
CAR0380,E02,RPA0010,USA,144.7,20.0,20.3,7.0,43.0,50.0,50.0,1012.9,,,
CGR0354,F02,RPA0010,GER,135.8,20.0,21.7,8.0,42.0,50.0,50.0,1086.4,,,
CFR0072,G02,RPA0010,FRA,24,20.0,12.0,25.0,25.0,50.0,50.0,600.0,,,
CGR0445,H02,RPA0010,GER,124,20.0,19.8,8.0,42.0,50.0,50.0,992.0,,,
CGR0337,A03,RPA0010,GER,166.1,20.0,20.0,6.0,44.0,50.0,50.0,1000.0,,,
CAR0924,B03,RPA0010,USA,415.4,20.0,16.6,2.0,48.0,50.0,50.0,830.8,,,
CFR0386,C03,RPA0010,FRA,48.8,20.0,19.5,20.0,30.0,50.0,50.0,976.0,,,
CGR0024,D03,RPA0010,GER,129.3,20.0,20.7,8.0,42.0,50.0,50.0,1034.4,,,
CGR0127,E03,RPA0010,GER,177.1,20.0,21.3,6.0,44.0,50.0,50.0,1062.6,,,
CFR0225,F03,RPA0010,FRA,106.5,20.0,21.3,10.0,40.0,50.0,50.0,1065.0,,,
CGR0121,G03,RPA0010,GER,281.2,20.0,16.9,3.0,47.0,50.0,50.0,843.6,,,
CAR0907,H03,RPA0010,USA,382.6,20.0,15.3,2.0,48.0,50.0,50.0,765.2,,,
CGR0112,A04,RPA0010,GER,275.2,20.0,16.5,3.0,47.0,50.0,50.0,825.6,,,
CFR0307,B04,RPA0010,FRA,54.1,20.0,20.6,19.0,31.0,50.0,50.0,1027.9,,,
CFR0193,C04,RPA0010,FRA,114.2,20.0,20.6,9.0,41.0,50.0,50.0,1027.8,,,
CAR0417,D04,RPA0010,USA,78.1,20.0,23.4,15.0,35.0,50.0,50.0,1171.5,,,
CFR0445,E04,RPA0010,FRA,220.1,20.0,17.6,4.0,46.0,50.0,50.0,880.4,,,
CGR0333,F04,RPA0010,GER,138.8,20.0,19.4,7.0,43.0,50.0,50.0,971.6,,,
CAR0819,G04,RPA0010,USA,90,20.0,18.0,10.0,40.0,50.0,50.0,900.0,,,
CFR0401,H04,RPA0010,FRA,23.3,20.0,11.7,25.0,25.0,50.0,50.0,582.5,,,
CGR0387,A05,RPA0010,GER,658.1,20.0,26.3,2.0,48.0,50.0,50.0,1316.2,,,
CFR0062,B05,RPA0010,FRA,170.2,20.0,20.4,6.0,44.0,50.0,50.0,1021.2,,,
CFR0317,C05,RPA0010,FRA,171.8,20.0,20.6,6.0,44.0,50.0,50.0,1030.8,,,
DEPC,D05,RPA0010,DEPC,4.1,20.0,2.1,25.0,25.0,50.0,50.0,102.5,,,
CAR0905,E05,RPA0010,USA,260,20.0,20.8,4.0,46.0,50.0,50.0,1040.0,,,
CFR0076,F05,RPA0010,FRA,8.5,20.0,4.3,25.0,25.0,50.0,50.0,212.5,,,
CGR0054,G05,RPA0010,GER,113.3,20.0,20.4,9.0,41.0,50.0,50.0,1019.7,,,
CGR0130,H05,RPA0010,GER,308.8,20.0,18.5,3.0,47.0,50.0,50.0,926.4,,,
CFR0218,A06,RPA0010,FRA,26.2,20.0,13.1,25.0,25.0,50.0,50.0,655.0,,,
CFR0250,B06,RPA0010,FRA,173.2,20.0,20.8,6.0,44.0,50.0,50.0,1039.2,,,
CAR0799,C06,RPA0010,USA,204.9,20.0,20.5,5.0,45.0,50.0,50.0,1024.5,,,
CGR0321,D06,RPA0010,GER,152.1,20.0,21.3,7.0,43.0,50.0,50.0,1064.7,,,
CGR0106,E06,RPA0010,GER,50.9,20.0,20.4,20.0,30.0,50.0,50.0,1018.0,,,
CAR0749,F06,RPA0010,USA,145.4,20.0,20.4,7.0,43.0,50.0,50.0,1017.8,,,
CFR0025,G06,RPA0010,FRA,5.1,20.0,2.6,25.0,25.0,50.0,50.0,127.5,,,
CFR0090,H06,RPA0010,FRA,57.6,20.0,20.7,18.0,32.0,50.0,50.0,1036.8,,,
CAR0782,A07,RPA0010,USA,228.6,20.0,18.3,4.0,46.0,50.0,50.0,914.4,,,
CAR0758,B07,RPA0010,USA,432.4,20.0,17.3,2.0,48.0,50.0,50.0,864.8,,,
CAR0956,C07,RPA0010,USA,360.3,20.0,21.6,3.0,47.0,50.0,50.0,1080.9,,,
CFR0424,D07,RPA0010,FRA,206.9,20.0,20.7,5.0,45.0,50.0,50.0,1034.5,,,
CGR0335,E07,RPA0010,GER,329,20.0,20.0,3.0,47.0,50.0,50.0,1000.0,,,
CGR0316,F07,RPA0010,GER,389.7,20.0,15.6,2.0,48.0,50.0,50.0,779.4,,,
CGR0334,G07,RPA0010,GER,284.1,20.0,17.0,3.0,47.0,50.0,50.0,852.3,,,
CFR0454,H07,RPA0010,FRA,62.7,20.0,18.8,15.0,35.0,50.0,50.0,940.5,,,
CFR0079,A08,RPA0010,FRA,32.1,20.0,16.1,25.0,25.0,50.0,50.0,802.5,,,
CAR0866,B08,RPA0010,USA,113.1,20.0,20.4,9.0,41.0,50.0,50.0,1017.9,,,
CFR0429,C08,RPA0010,FRA,248.6,20.0,20.0,4.0,46.0,50.0,50.0,1000.0,,,
CAR0812,D08,RPA0010,USA,99.7,20.0,20.0,10.0,40.0,50.0,50.0,1000.0,,,
EB,E08,RPA0010,EB,3.1,20.0,1.6,25.0,25.0,50.0,50.0,77.5,,,
CGR0033,F08,RPA0010,GER,279.8,20.0,16.8,3.0,47.0,50.0,50.0,839.4,,,
CFR0427,G08,RPA0010,FRA,469.8,20.0,18.8,2.0,48.0,50.0,50.0,939.6,,,
CFR0297,H08,RPA0010,FRA,55.9,20.0,20.1,18.0,32.0,50.0,50.0,1006.2,,,
CAR0333,A09,RPA0010,USA,91.3,20.0,18.3,10.0,40.0,50.0,50.0,913.0,,,
CFR0163,B09,RPA0010,FRA,48.9,20.0,20.5,21.0,29.0,50.0,50.0,1026.9,,,
CAR0883,C09,RPA0010,USA,142.1,20.0,20.0,7.0,43.0,50.0,50.0,1000.0,,,
CFR0143,D09,RPA0010,FRA,341.4,20.0,20.5,3.0,47.0,50.0,50.0,1024.2,,,
CAR0757,E09,RPA0010,USA,200,20.0,20.0,5.0,45.0,50.0,50.0,1000.0,,,
CAR0889,F09,RPA0010,USA,48.6,20.0,20.4,21.0,29.0,50.0,50.0,1020.6,,,
CAR0366,G09,RPA0010,USA,146.1,20.0,20.5,7.0,43.0,50.0,50.0,1022.7,,,
CFR0070,H09,RPA0010,FRA,97.8,20.0,19.6,10.0,40.0,50.0,50.0,978.0,,,
CAR0930,A10,RPA0010,USA,87.6,20.0,17.5,10.0,40.0,50.0,50.0,876.0,,,
CAR0531,B10,RPA0010,USA,31.2,20.0,15.6,25.0,25.0,50.0,50.0,780.0,,,
CAR0669,C10,RPA0010,USA,72.3,20.0,21.7,15.0,35.0,50.0,50.0,1084.5,,,
CGR0328,D10,RPA0010,GER,810.3,20.0,32.4,2.0,48.0,50.0,50.0,1620.6,,,
CGR0153,E10,RPA0010,GER,491.4,20.0,20.0,2.0,48.0,50.0,50.0,1000.0,,,
CGR0313,F10,RPA0010,GER,483.1,20.0,19.3,2.0,48.0,50.0,50.0,966.2,,,
CFR0199,G10,RPA0010,FRA,145.2,20.0,20.3,7.0,43.0,50.0,50.0,1016.4,,,
CFR0276,H10,RPA0010,FRA,78.1,20.0,15.6,10.0,40.0,50.0,50.0,781.0,,,
CGR0330,A11,RPA0010,GER,143.7,20.0,20.0,7.0,43.0,50.0,50.0,1000.0,,,
CAR0925,B11,RPA0010,USA,283.1,20.0,17.0,3.0,47.0,50.0,50.0,849.3,,,
CGR0329,C11,RPA0010,GER,415.8,20.0,16.6,2.0,48.0,50.0,50.0,831.6,,,
CAR0691,D11,RPA0010,USA,76.6,20.0,15.3,10.0,40.0,50.0,50.0,766.0,,,
CAR0768,E11,RPA0010,USA,216.2,20.0,21.6,5.0,45.0,50.0,50.0,1081.0,,,
CFR0336,F11,RPA0010,FRA,103.7,20.0,20.7,10.0,40.0,50.0,50.0,1037.0,,,
CAR0527,G11,RPA0010,USA,21,20.0,10.5,25.0,25.0,50.0,50.0,525.0,,,
CGR0056,H11,RPA0010,GER,77.8,20.0,15.6,10.0,40.0,50.0,50.0,778.0,,,
CGR0181,A12,RPA0010,GER,117.4,20.0,21.1,9.0,41.0,50.0,50.0,1056.6,,,
CFR0122,B12,RPA0010,FRA,120.8,20.0,21.7,9.0,41.0,50.0,50.0,1087.2,,,
CGR0339,C12,RPA0010,GER,185.8,20.0,18.6,5.0,45.0,50.0,50.0,929.0,,,
CAR0797,D12,RPA0010,USA,169.9,20.0,20.4,6.0,44.0,50.0,50.0,1019.4,,,
CFR0220,E12,RPA0010,FRA,21.2,20.0,10.6,25.0,25.0,50.0,50.0,530.0,,,
CFR0457,F12,RPA0010,FRA,382.6,20.0,15.3,2.0,48.0,50.0,50.0,765.2,,,
CAR0901,G12,RPA0010,USA,104,20.0,20.8,10.0,40.0,50.0,50.0,1040.0,,,
blank,H12,RPA0010,BLANK,3.8,20.0,1.9,25.0,25.0,50.0,50.0,95.0,,,
CGR0345,A01,RPA011,GER,313.8,20.0,18.8,3.0,47.0,50.0,50.0,941.4,,,
CAR0741,B01,RPA011,USA,118.7,20.0,21.4,9.0,41.0,50.0,50.0,1068.3,,,
CFR0298,C01,RPA011,FRA,49.8,20.0,20.9,21.0,29.0,50.0,50.0,1045.8,,,
CAR0331,D01,RPA011,USA,92.8,20.0,18.6,10.0,40.0,50.0,50.0,928.0,,,
CAR0349,E01,RPA011,USA,13.8,20.0,6.9,25.0,25.0,50.0,50.0,345.0,,,
CGR0180,F01,RPA011,GER,581.3,20.0,23.3,2.0,48.0,50.0,50.0,1162.6,,,
CAR0835,G01,RPA011,USA,203.8,20.0,20.4,5.0,45.0,50.0,50.0,1019.0,,,
CGR0113,H01,RPA011,GER,117.8,20.0,21.2,9.0,41.0,50.0,50.0,1060.2,,,
CGR0369,A02,RPA011,GER,151.7,20.0,21.2,7.0,43.0,50.0,50.0,1061.9,,,
CAR0513,B02,RPA011,USA,18.8,20.0,9.4,25.0,25.0,50.0,50.0,470.0,,,
CFR0164,C02,RPA011,FRA,200.7,20.0,20.0,5.0,45.0,50.0,50.0,1000.0,,,
CGR0317,D02,RPA011,GER,827.9,20.0,33.1,2.0,48.0,50.0,50.0,1655.8,,,
CAR0372,E02,RPA011,USA,125,20.0,20.0,8.0,42.0,50.0,50.0,1000.0,,,
CAR0650,F02,RPA011,USA,335.8,20.0,20.0,3.0,47.0,50.0,50.0,1000.0,,,
CAR0530,G02,RPA011,USA,17.2,20.0,8.6,25.0,25.0,50.0,50.0,430.0,,,
CFR0351,H02,RPA011,FRA,34.8,20.0,17.4,25.0,25.0,50.0,50.0,870.0,,,
CGR0308,A03,RPA011,GER,898.8,20.0,36.0,2.0,48.0,50.0,50.0,1797.6,,,
CFR0416,B03,RPA011,FRA,116.3,20.0,20.9,9.0,41.0,50.0,50.0,1046.7,,,
CGR0320,C03,RPA011,GER,255.3,20.0,20.4,4.0,46.0,50.0,50.0,1021.2,,,
CAR0326,D03,RPA011,USA,97.2,20.0,19.4,10.0,40.0,50.0,50.0,972.0,,,
CGR0057,E03,RPA011,GER,122.5,20.0,19.6,8.0,42.0,50.0,50.0,980.0,,,
CAR0948,F03,RPA011,USA,204.2,20.0,20.4,5.0,45.0,50.0,50.0,1021.0,,,
CGR0302,G03,RPA011,GER,236.4,20.0,18.9,4.0,46.0,50.0,50.0,945.6,,,
DEPC,H03,RPA011,DEPC,1.7,20.0,0.9,25.0,25.0,50.0,50.0,42.5,,,
CGR0441,A04,RPA011,GER,136.9,20.0,19.2,7.0,43.0,50.0,50.0,958.3,,,
CGR0146,B04,RPA011,GER,623.1,20.0,24.9,2.0,48.0,50.0,50.0,1246.2,,,
CFR0388,C04,RPA011,FRA,49.6,20.0,19.8,20.0,30.0,50.0,50.0,992.0,,,
CAR0365,D04,RPA011,USA,176.5,20.0,21.2,6.0,44.0,50.0,50.0,1059.0,,,
CAR0876,E04,RPA011,USA,261.1,20.0,20.9,4.0,46.0,50.0,50.0,1044.4,,,
CGR0347,F04,RPA011,GER,872.9,20.0,34.9,2.0,48.0,50.0,50.0,1745.8,,,
CFR0190,G04,RPA011,FRA,48.8,20.0,19.5,20.0,30.0,50.0,50.0,976.0,,,
CFR0151,H04,RPA011,FRA,82,20.0,16.4,10.0,40.0,50.0,50.0,820.0,,,
CGR0061,A05,RPA011,GER,211.7,20.0,21.2,5.0,45.0,50.0,50.0,1058.5,,,
CGR0349,B05,RPA011,GER,949,20.0,38.0,2.0,48.0,50.0,50.0,1898.0,,,
CFR0168,C05,RPA011,FRA,262.7,20.0,21.0,4.0,46.0,50.0,50.0,1050.8,,,
blank,D05,RPA011,BLANK,0,20.0,0.0,25.0,25.0,50.0,50.0,0.0,,,
CGR0327,E05,RPA011,GER,657.5,20.0,26.3,2.0,48.0,50.0,50.0,1315.0,,,
CFR0287,F05,RPA011,FRA,33.5,20.0,16.8,25.0,25.0,50.0,50.0,837.5,,,
CGR0310,G05,RPA011,GER,542.7,20.0,21.7,2.0,48.0,50.0,50.0,1085.4,,,
CAR0893,H05,RPA011,USA,164.5,20.0,19.7,6.0,44.0,50.0,50.0,987.0,,,
CAR0398,A06,RPA011,USA,37.4,20.0,18.7,25.0,25.0,50.0,50.0,935.0,,,
CGR0171,B06,RPA011,GER,462.5,20.0,18.5,2.0,48.0,50.0,50.0,925.0,,,
CGR0025,C06,RPA011,GER,80.4,20.0,16.1,10.0,40.0,50.0,50.0,804.0,,,
CFR0095,D06,RPA011,FRA,27.5,20.0,13.8,25.0,25.0,50.0,50.0,687.5,,,
CFR0318,E06,RPA011,FRA,307.9,20.0,18.5,3.0,47.0,50.0,50.0,923.7,,,
CFR0209,F06,RPA011,FRA,158.9,20.0,19.1,6.0,44.0,50.0,50.0,953.4,,,
CAR0941,G06,RPA011,USA,264,20.0,21.1,4.0,46.0,50.0,50.0,1056.0,,,
CFR0021,H06,RPA011,FRA,117,20.0,21.1,9.0,41.0,50.0,50.0,1053.0,,,
CGR0144,A07,RPA011,GER,157.5,20.0,18.9,6.0,44.0,50.0,50.0,945.0,,,
CFR0451,B07,RPA011,FRA,192.9,20.0,19.3,5.0,45.0,50.0,50.0,964.5,,,
CGR0444,C07,RPA011,GER,72.1,20.0,21.6,15.0,35.0,50.0,50.0,1081.5,,,
CFR0491,D07,RPA011,FRA,366.7,20.0,14.7,2.0,48.0,50.0,50.0,733.4,,,
CAR0746,E07,RPA011,USA,367.8,20.0,14.7,2.0,48.0,50.0,50.0,735.6,,,
CAR0671,F07,RPA011,USA,148.3,20.0,20.8,7.0,43.0,50.0,50.0,1038.1,,,
CGR0159,G07,RPA011,GER,265.1,20.0,21.2,4.0,46.0,50.0,50.0,1060.4,,,
CFR0396,H07,RPA011,FRA,105.2,20.0,21.0,10.0,40.0,50.0,50.0,1052.0,,,
CGR0309,A08,RPA011,GER,265.4,20.0,21.2,4.0,46.0,50.0,50.0,1061.6,,,
CAR0711,B08,RPA011,USA,83.4,20.0,16.7,10.0,40.0,50.0,50.0,834.0,,,
CFR0207,C08,RPA011,FRA,69.1,20.0,20.7,15.0,35.0,50.0,50.0,1036.5,,,
CGR0046,D08,RPA011,GER,122.1,20.0,19.5,8.0,42.0,50.0,50.0,976.8,,,
CFR0156,E08,RPA011,FRA,7.8,20.0,3.9,25.0,25.0,50.0,50.0,195.0,,,
CFR0057,F08,RPA011,FRA,64.3,20.0,19.3,15.0,35.0,50.0,50.0,964.5,,,
CGR0323,G08,RPA011,GER,288.6,20.0,17.3,3.0,47.0,50.0,50.0,865.8,,,
CFR0145,H08,RPA011,FRA,22.8,20.0,11.4,25.0,25.0,50.0,50.0,570.0,,,
CGR0340,A09,RPA011,GER,255.8,20.0,20.5,4.0,46.0,50.0,50.0,1023.2,,,
CFR0465,B09,RPA011,FRA,270.5,20.0,21.6,4.0,46.0,50.0,50.0,1082.0,,,
CGR0184,C09,RPA011,GER,260.3,20.0,20.8,4.0,46.0,50.0,50.0,1041.2,,,
CAR0739,D09,RPA011,USA,149.5,20.0,20.9,7.0,43.0,50.0,50.0,1046.5,,,
CGR0384,E09,RPA011,GER,189.5,20.0,19.0,5.0,45.0,50.0,50.0,947.5,,,
CFR0091,F09,RPA011,FRA,134.5,20.0,18.8,7.0,43.0,50.0,50.0,941.5,,,
CAR0800,G09,RPA011,USA,401.9,20.0,20.9,2.6,47.4,50.0,50.0,1044.9,,,
CGR0360,H09,RPA011,GER,122.8,20.0,19.6,8.0,42.0,50.0,50.0,982.4,,,
CAR0937,A10,RPA011,USA,247.6,20.0,20.0,4.0,46.0,50.0,50.0,1000.0,,,
EB,B10,RPA011,EB,4.4,20.0,2.2,25.0,25.0,50.0,50.0,110.0,,,
CAR0668,C10,RPA011,USA,105.1,20.0,21.0,10.0,40.0,50.0,50.0,1051.0,,,
CGR0141,D10,RPA011,GER,204,20.0,20.4,5.0,45.0,50.0,50.0,1020.0,,,
CAR0884,E10,RPA011,USA,102.8,20.0,20.6,10.0,40.0,50.0,50.0,1028.0,,,
CGR0325,F10,RPA011,GER,98.2,20.0,19.6,10.0,40.0,50.0,50.0,982.0,,,
CGR0172,G10,RPA011,GER,243.6,20.0,20.4,4.2,46.0,50.0,50.2,1019.0,,,
CFR0257,H10,RPA011,FRA,30.6,20.0,15.3,25.0,25.0,50.0,50.0,765.0,,,
CAR0674,A11,RPA011,USA,64.2,20.0,19.3,15.0,35.0,50.0,50.0,963.0,,,
CFR0082,B11,RPA011,FRA,6.5,20.0,3.3,25.0,25.0,50.0,50.0,162.5,,,
CGR0157,C11,RPA011,GER,299.1,20.0,20.3,3.4,46.6,50.0,50.0,1016.9,,,
CGR0305,D11,RPA011,GER,194.8,20.0,20.2,5.2,45.0,50.0,50.2,1008.9,,,
CAR0649,E11,RPA011,USA,122.9,20.0,19.7,8.0,42.0,50.0,50.0,983.2,,,
blank,F11,RPA011,BLANK,4.3,20.0,2.2,25.0,25.0,50.0,50.0,107.5,,,
CAR0677,G11,RPA011,USA,40.3,20.0,20.2,25.0,25.0,50.0,50.0,1007.5,,,
CGR0338,H11,RPA011,GER,308.4,20.0,19.7,3.2,47.0,50.0,50.2,982.9,,,
CFR0129,A12,RPA011,FRA,94.3,20.0,18.9,10.0,40.0,50.0,50.0,943.0,,,
CAR0957,B12,RPA011,USA,427.3,20.0,20.5,2.4,47.6,50.0,50.0,1025.5,,,
CAR0498,C12,RPA011,USA,161.7,20.0,20.0,6.2,44.0,50.0,50.2,998.5,,,
CAR0675,D12,RPA011,USA,13.5,20.0,6.8,25.0,25.0,50.0,50.0,337.5,,,
CAR0852,E12,RPA011,USA,457.1,20.0,20.0,2.2,48.0,50.0,50.2,1001.6,,,
CAR0402,F12,RPA011,USA,18.1,20.0,9.1,25.0,25.0,50.0,50.0,452.5,,,
CFR0458,G12,RPA011,FRA,86.2,20.0,17.2,10.0,40.0,50.0,50.0,862.0,,,
CFR0360,H12,RPA011,FRA,140.7,20.0,19.7,7.0,43.0,50.0,50.0,984.9,,,
CFR0253,A01,RPA012,FRA,99.5,20.0,19.9,10.0,40.0,50.0,50.0,995.0,,,
CFR0470,B01,RPA012,FRA,166,20.0,20.0,6.0,44.0,50.0,50.0,1000.0,,,
CGR0124,C01,RPA012,GER,184.8,20.0,20.0,5.4,44.6,50.0,50.0,997.9,,,
CAR0765,D01,RPA012,USA,87.8,20.0,17.6,10.0,40.0,50.0,50.0,878.0,,,
CGR0319,E01,RPA012,GER,193.9,20.0,20.1,5.2,45.0,50.0,50.2,1004.3,,,
CFR0475,F01,RPA012,FRA,105.5,20.0,21.1,10.0,40.0,50.0,50.0,1055.0,,,
CFR0118,G01,RPA012,FRA,97.3,20.0,19.5,10.0,40.0,50.0,50.0,973.0,,,
blank,H01,RPA012,BLANK,2.8,20.0,1.4,25.0,25.0,50.0,50.0,70.0,,,
CGR0132,A02,RPA012,GER,145,20.0,20.3,7.0,43.0,50.0,50.0,1015.0,,,
CGR0060,B02,RPA012,GER,97,20.0,19.4,10.0,40.0,50.0,50.0,970.0,,,
CGR0318,C02,RPA012,GER,382.4,20.0,19.9,2.6,47.4,50.0,50.0,994.2,,,
CAR0801,D02,RPA012,USA,203.5,20.0,20.4,5.0,45.0,50.0,50.0,1017.5,,,
CFR0109,E02,RPA012,FRA,130.2,20.0,20.8,8.0,42.0,50.0,50.0,1041.6,,,
CAR0966,F02,RPA012,USA,292.2,20.0,19.9,3.4,46.6,50.0,50.0,993.5,,,
CGR0291,G02,RPA012,GER,102.7,20.0,20.5,10.0,40.0,50.0,50.0,1027.0,,,
CAR0721,H02,RPA012,USA,33.9,20.0,17.0,25.0,25.0,50.0,50.0,847.5,,,
CFR0077,A03,RPA012,FRA,20.2,20.0,10.1,25.0,25.0,50.0,50.0,505.0,,,
CFR0370,B03,RPA012,FRA,228.3,20.0,20.1,4.4,45.6,50.0,50.0,1004.5,,,
CFR0054,C03,RPA012,FRA,123,20.0,19.7,8.0,42.0,50.0,50.0,984.0,,,
CFR0312,D03,RPA012,FRA,73.3,20.0,22.0,15.0,35.0,50.0,50.0,1099.5,,,
CFR0328,E03,RPA012,FRA,213,20.0,21.3,5.0,45.0,50.0,50.0,1065.0,,,
CFR0061,F03,RPA012,FRA,181.4,20.0,21.8,6.0,44.0,50.0,50.0,1088.4,,,
CFR0374,G03,RPA012,FRA,232.9,20.0,19.6,4.2,45.8,50.0,50.0,978.2,,,
CGR0177,H03,RPA012,GER,359.4,20.0,21.6,3.0,47.0,50.0,50.0,1078.2,,,
CAR0929,A04,RPA012,USA,150.4,20.0,21.1,7.0,43.0,50.0,50.0,1052.8,,,
CFR0459,B04,RPA012,FRA,177.7,20.0,21.3,6.0,44.0,50.0,50.0,1066.2,,,
CAR0798,C04,RPA012,USA,103.3,20.0,20.7,10.0,40.0,50.0,50.0,1033.0,,,
CFR0479,D04,RPA012,FRA,117.2,20.0,21.1,9.0,41.0,50.0,50.0,1054.8,,,
CFR0184,E04,RPA012,FRA,88.8,20.0,17.8,10.0,40.0,50.0,50.0,888.0,,,
CFR0195,F04,RPA012,FRA,47.4,20.0,20.9,22.0,28.0,50.0,50.0,1042.8,,,
CGR0192,G04,RPA012,GER,234,20.0,19.7,4.2,45.8,50.0,50.0,982.8,,,
CAR0794,H04,RPA012,USA,100,20.0,20.0,10.0,40.0,50.0,50.0,1000.0,,,
CAR0435,A05,RPA012,USA,40.3,20.0,20.2,25.0,25.0,50.0,50.0,1007.5,,,
CAR0470,B05,RPA012,USA,13.8,20.0,6.9,25.0,25.0,50.0,50.0,345.0,,,
CFR0355,C05,RPA012,FRA,58,20.0,19.7,17.0,33.0,50.0,50.0,986.0,,,
CFR0175,D05,RPA012,FRA,46.6,20.0,20.5,22.0,28.0,50.0,50.0,1025.2,,,
CFR0492,E05,RPA012,FRA,58.1,20.0,19.8,17.0,33.0,50.0,50.0,987.7,,,
CGR0284,F05,RPA012,GER,403.8,20.0,20.7,2.6,48.0,50.0,50.6,1037.4,,,
CAR0685,G05,RPA012,USA,94.4,20.0,18.9,10.0,40.0,50.0,50.0,944.0,,,
CFR0185,H05,RPA012,FRA,92,20.0,18.4,10.0,40.0,50.0,50.0,920.0,,,
CGR0174,A06,RPA012,GER,262.3,20.0,21.0,4.0,46.0,50.0,50.0,1049.2,,,
CFR0288,B06,RPA012,FRA,78.1,20.0,15.6,10.0,40.0,50.0,50.0,781.0,,,
CGR0158,C06,RPA012,GER,34.2,20.0,17.1,25.0,25.0,50.0,50.0,855.0,,,
CGR0008,D06,RPA012,GER,248.3,20.0,20.0,4.0,46.0,50.0,50.0,1000.0,,,
CGR0436,E06,RPA012,GER,61.7,20.0,19.7,16.0,34.0,50.0,50.0,987.2,,,
CFR0099,F06,RPA012,FRA,100.7,20.0,20.1,10.0,40.0,50.0,50.0,1007.0,,,
CFR0352,G06,RPA012,FRA,12.1,20.0,6.1,25.0,25.0,50.0,50.0,302.5,,,
CFR0280,H06,RPA012,FRA,71.3,20.0,21.4,15.0,35.0,50.0,50.0,1069.5,,,
CFR0363,A07,RPA012,FRA,68.4,20.0,20.5,15.0,35.0,50.0,50.0,1026.0,,,
CFR0443,B07,RPA012,FRA,45.1,20.0,19.8,22.0,28.0,50.0,50.0,992.2,,,
CFR0357,C07,RPA012,FRA,35.9,20.0,18.0,25.0,25.0,50.0,50.0,897.5,,,
CFR0353,D07,RPA012,FRA,36.7,20.0,18.4,25.0,25.0,50.0,50.0,917.5,,,
EB,E07,RPA012,EB,3.7,20.0,1.9,25.0,25.0,50.0,50.0,92.5,,,
CAR0906,F07,RPA012,USA,515.7,20.0,20.6,2.0,48.0,50.0,50.0,1031.4,,,
CAR0330,G07,RPA012,USA,122.9,20.0,19.7,8.0,42.0,50.0,50.0,983.2,,,
CFR0137,H07,RPA012,FRA,279.7,20.0,20.1,3.6,46.4,50.0,50.0,1006.9,,,
CFR0295,A08,RPA012,FRA,234.9,20.0,20.7,4.4,45.6,50.0,50.0,1033.6,,,
CFR0442,B08,RPA012,FRA,31.4,20.0,15.7,25.0,25.0,50.0,50.0,785.0,,,
CGR0256,C08,RPA012,GER,196.7,20.0,19.7,5.0,45.0,50.0,50.0,983.5,,,
blank,D08,RPA012,BLANK,2,20.0,1.0,25.0,25.0,50.0,50.0,50.0,,,
CGR0084,E08,RPA012,GER,229.2,20.0,20.2,4.4,45.6,50.0,50.0,1008.5,,,
CGR0065,F08,RPA012,GER,331.6,20.0,20.0,3.0,47.0,50.0,50.0,1000.0,,,
CAR0551,G08,RPA012,USA,100.8,20.0,20.2,10.0,40.0,50.0,50.0,1008.0,,,
CFR0037,H08,RPA012,FRA,59.4,20.0,20.2,17.0,33.0,50.0,50.0,1009.8,,,
CGR0191,A09,RPA012,GER,339.5,20.0,20.4,3.0,47.0,50.0,50.0,1018.5,,,
CAR0777,B09,RPA012,USA,109.7,20.0,21.9,10.0,40.0,50.0,50.0,1097.0,,,
CFR0474,C09,RPA012,FRA,153.3,20.0,21.5,7.0,43.0,50.0,50.0,1073.1,,,
CGR0253,D09,RPA012,GER,33.6,20.0,16.8,25.0,25.0,50.0,50.0,840.0,,,
CGR0326,E09,RPA012,GER,181.2,20.0,21.7,6.0,44.0,50.0,50.0,1087.2,,,
CAR0687,F09,RPA012,USA,54.3,20.0,19.5,18.0,32.0,50.0,50.0,977.4,,,
CAR0673,G09,RPA012,USA,66.7,20.0,20.0,15.0,35.0,50.0,50.0,1000.0,,,
CAR0659,H09,RPA012,USA,50.8,20.0,20.3,20.0,30.0,50.0,50.0,1016.0,,,
CGR0393,A10,RPA012,GER,295.5,20.0,20.1,3.4,46.6,50.0,50.0,1004.7,,,
CFR0148,B10,RPA012,FRA,15.9,20.0,8.0,25.0,25.0,50.0,50.0,397.5,,,
CAR0955,C10,RPA012,USA,286.8,20.0,20.6,3.6,46.4,50.0,50.0,1032.5,,,
CFR0088,D10,RPA012,FRA,7.9,20.0,4.0,25.0,25.0,50.0,50.0,197.5,,,
CAR0855,E10,RPA012,USA,144.1,20.0,20.2,7.0,43.0,50.0,50.0,1008.7,,,
CFR0130,F10,RPA012,FRA,86.4,20.0,17.3,10.0,40.0,50.0,50.0,864.0,,,
CAR0384,G10,RPA012,USA,60.9,20.0,20.7,17.0,33.0,50.0,50.0,1035.3,,,
CAR0853,H10,RPA012,USA,22.7,20.0,11.4,25.0,25.0,50.0,50.0,567.5,,,
CFR0112,A11,RPA012,FRA,91.9,20.0,18.4,10.0,40.0,50.0,50.0,919.0,,,
CAR0473,B11,RPA012,USA,107.3,20.0,21.5,10.0,40.0,50.0,50.0,1073.0,,,
CAR0344,C11,RPA012,USA,10.1,20.0,5.1,25.0,25.0,50.0,50.0,252.5,,,
CAR0421,D11,RPA012,USA,187.6,20.0,19.5,5.2,44.8,50.0,50.0,975.5,,,
CFR0436,E11,RPA012,FRA,16.8,20.0,8.4,25.0,25.0,50.0,50.0,420.0,,,
CGR0162,F11,RPA012,GER,427.6,20.0,20.4,2.4,48.0,50.0,50.4,1018.1,,,
CGR0128,G11,RPA012,GER,163.3,20.0,19.6,6.0,44.0,50.0,50.0,979.8,,,
CFR0018,H11,RPA012,FRA,55.8,20.0,20.1,18.0,32.0,50.0,50.0,1004.4,,,
CFR0001,A12,RPA012,FRA,62.8,20.0,20.1,16.0,34.0,50.0,50.0,1004.8,,,
CFR0047,B12,RPA012,FRA,79.1,20.0,15.8,10.0,40.0,50.0,50.0,791.0,,,
CAR0903,C12,RPA012,USA,233.2,20.0,19.5,4.2,46.0,50.0,50.2,975.5,,,
DEPC,D12,RPA012,DEPC,3.3,20.0,1.7,25.0,25.0,50.0,50.0,82.5,,,
CFR0196,E12,RPA012,FRA,83.5,20.0,16.7,10.0,40.0,50.0,50.0,835.0,,,
CAR0335,F12,RPA012,USA,60,20.0,20.4,17.0,33.0,50.0,50.0,1020.0,,,
CFR0159,G12,RPA012,FRA,88.8,20.0,17.8,10.0,40.0,50.0,50.0,888.0,,,
CFR0341,H12,RPA012,FRA,15.3,20.0,7.7,25.0,25.0,50.0,50.0,382.5,,,
CGR0373,A01,RPA013,GER,76.1,20.0,15.2,10.0,40.0,50.0,50.0,761.0,,,
CGR0242,B01,RPA013,GER,741,20.0,29.6,2.0,48.0,50.0,50.0,1482.0,,,
CGR0462,C01,RPA013,GER,108.9,20.0,21.8,10.0,40.0,50.0,50.0,1089.0,,,
CFR0154,D01,RPA013,FRA,14.6,20.0,7.3,25.0,25.0,50.0,50.0,365.0,,,
CGR0453,E01,RPA013,GER,198.1,20.0,20.0,5.0,45.0,50.0,50.0,1000.0,,,
CGR0125,F01,RPA013,GER,223.1,20.0,19.5,4.4,46.0,50.0,50.4,973.8,,,
CGR0095,G01,RPA013,GER,194.5,20.0,20.1,5.2,45.0,50.0,50.2,1007.4,,,
CFR0421,H01,RPA013,FRA,173.1,20.0,20.1,5.8,44.2,50.0,50.0,1004.0,,,
CFR0177,A02,RPA013,FRA,83.4,20.0,16.7,10.0,40.0,50.0,50.0,834.0,,,
CFR0254,B02,RPA013,FRA,18.1,20.0,9.1,25.0,25.0,50.0,50.0,452.5,,,
CGR0357,C02,RPA013,GER,77.1,20.0,15.4,10.0,40.0,50.0,50.0,771.0,,,
CGR0395,D02,RPA013,GER,267,20.0,20.3,3.8,46.2,50.0,50.0,1014.6,,,
CGR0304,E02,RPA013,GER,336.1,20.0,20.0,3.0,47.0,50.0,50.0,1000.0,,,
CGR0251,F02,RPA013,GER,895.3,20.0,35.8,2.0,48.0,50.0,50.0,1790.6,,,
DEPC,G02,RPA013,DEPC,1.2,20.0,0.6,25.0,25.0,50.0,50.0,30.0,,,
CGR0012,H02,RPA013,GER,33,20.0,16.5,25.0,25.0,50.0,50.0,825.0,,,
CGR0225,A03,RPA013,GER,260.8,20.0,19.8,3.8,46.2,50.0,50.0,991.0,,,
CFR0406,B03,RPA013,FRA,15.7,20.0,7.9,25.0,25.0,50.0,50.0,392.5,,,
CFR0483,C03,RPA013,FRA,200.3,20.0,20.0,5.0,45.0,50.0,50.0,1000.0,,,
CFR0346,D03,RPA013,FRA,319.9,20.0,20.5,3.2,47.0,50.0,50.2,1023.7,,,
CGR0036,E03,RPA013,GER,64.2,20.0,19.3,15.0,35.0,50.0,50.0,963.0,,,
CFR0476,F03,RPA013,FRA,250.2,20.0,20.0,4.0,46.0,50.0,50.0,1000.0,,,
CGR0110,G03,RPA013,GER,359.7,20.0,20.1,2.8,47.2,50.0,50.0,1007.2,,,
CGR0282,H03,RPA013,GER,890.2,20.0,35.6,2.0,48.0,50.0,50.0,1780.4,,,
CFR0379,A04,RPA013,FRA,245.3,20.0,19.6,4.0,46.0,50.0,50.0,981.2,,,
CFR0343,B04,RPA013,FRA,56.8,20.0,20.4,18.0,32.0,50.0,50.0,1022.4,,,
CFR0273,C04,RPA013,FRA,42.7,20.0,20.5,24.0,26.0,50.0,50.0,1024.8,,,
CFR0371,D04,RPA013,FRA,71.3,20.0,21.4,15.0,35.0,50.0,50.0,1069.5,,,
blank,E04,RPA013,BLANK,6.9,20.0,3.5,25.0,25.0,50.0,50.0,172.5,,,
CFR0372,F04,RPA013,FRA,361.2,20.0,20.2,2.8,47.2,50.0,50.0,1011.4,,,
CGR0447,G04,RPA013,GER,147.8,20.0,20.1,6.8,43.2,50.0,50.0,1005.0,,,
CFR0391,H04,RPA013,FRA,145.1,20.0,20.3,7.0,43.0,50.0,50.0,1015.7,,,
CAR0489,A05,RPA013,USA,310.6,20.0,19.8,3.2,47.0,50.0,50.2,990.0,,,
CGR0353,B05,RPA013,GER,109.1,20.0,21.8,10.0,40.0,50.0,50.0,1091.0,,,
CGR0081,C05,RPA013,GER,112,20.0,20.2,9.0,41.0,50.0,50.0,1008.0,,,
CFR0377,D05,RPA013,FRA,38,20.0,19.0,25.0,25.0,50.0,50.0,950.0,,,
CFR0486,E05,RPA013,FRA,27.2,20.0,13.6,25.0,25.0,50.0,50.0,680.0,,,
CFR0390,F05,RPA013,FRA,69.7,20.0,20.9,15.0,35.0,50.0,50.0,1045.5,,,
EB,G05,RPA013,EB,2.1,20.0,1.1,25.0,25.0,50.0,50.0,52.5,,,
CGR0312,H05,RPA013,GER,333.5,20.0,20.0,3.0,47.0,50.0,50.0,1000.0,,,
CAR0361,A06,RPA013,USA,375.4,20.0,19.3,2.6,48.0,50.0,50.6,964.5,,,
CFR0258,B06,RPA013,FRA,248.6,20.0,20.0,4.0,46.0,50.0,50.0,1000.0,,,
CFR0488,C06,RPA013,FRA,220.7,20.0,20.3,4.6,45.4,50.0,50.0,1015.2,,,
CFR0348,D06,RPA013,FRA,67.8,20.0,20.3,15.0,35.0,50.0,50.0,1017.0,,,
CGR0002,E06,RPA013,GER,83.5,20.0,16.7,10.0,40.0,50.0,50.0,835.0,,,
CGR0385,F06,RPA013,GER,605.8,20.0,24.2,2.0,48.0,50.0,50.0,1211.6,,,
CFR0314,G06,RPA013,FRA,168,20.0,20.0,6.0,44.0,50.0,50.0,1000.0,,,
CGR0390,H06,RPA013,GER,147.4,20.0,20.0,6.8,43.2,50.0,50.0,1002.3,,,
CFR0439,A07,RPA013,FRA,10.3,20.0,5.2,25.0,25.0,50.0,50.0,257.5,,,
CGR0103,B07,RPA013,GER,104.5,20.0,20.9,10.0,40.0,50.0,50.0,1045.0,,,
CGR0380,C07,RPA013,GER,219.4,20.0,20.2,4.6,45.4,50.0,50.0,1009.2,,,
CFR0400,D07,RPA013,FRA,135,20.0,20.5,7.6,42.4,50.0,50.0,1026.0,,,
CFR0053,E07,RPA013,FRA,189.8,20.0,20.5,5.4,44.6,50.0,50.0,1024.9,,,
CGR0391,F07,RPA013,GER,348.6,20.0,20.9,3.0,47.0,50.0,50.0,1045.8,,,
CGR0066,G07,RPA013,GER,21.9,20.0,11.0,25.0,25.0,50.0,50.0,547.5,,,
CFR0481,H07,RPA013,FRA,117.2,20.0,20.6,8.8,41.2,50.0,50.0,1031.4,,,
CFR0215,A08,RPA013,FRA,46.6,20.0,20.5,22.0,28.0,50.0,50.0,1025.2,,,
blank,B08,RPA013,BLANK,6.3,20.0,3.2,25.0,25.0,50.0,50.0,157.5,,,
CAR0549,C08,RPA013,USA,47.5,20.0,20.0,21.0,29.0,50.0,50.0,997.5,,,
CFR0447,D08,RPA013,FRA,227.2,20.0,20.0,4.4,45.6,50.0,50.0,999.7,,,
CFR0337,E08,RPA013,FRA,227.1,20.0,20.0,4.4,45.6,50.0,50.0,999.2,,,
CFR0435,F08,RPA013,FRA,26.2,20.0,13.1,25.0,25.0,50.0,50.0,655.0,,,
CFR0172,G08,RPA013,FRA,106.4,20.0,21.3,10.0,40.0,50.0,50.0,1064.0,,,
CGR0432,H08,RPA013,GER,420.2,20.0,20.2,2.4,47.6,50.0,50.0,1008.5,,,
CFR0169,A09,RPA013,FRA,36.1,20.0,18.1,25.0,25.0,50.0,50.0,902.5,,,
CFR0211,B09,RPA013,FRA,95.5,20.0,19.1,10.0,40.0,50.0,50.0,955.0,,,
CFR0431,C09,RPA013,FRA,28.4,20.0,14.2,25.0,25.0,50.0,50.0,710.0,,,
CGR0365,D09,RPA013,GER,290.8,20.0,19.8,3.4,46.6,50.0,50.0,988.7,,,
CFR0358,E09,RPA013,FRA,20.5,20.0,10.3,25.0,25.0,50.0,50.0,512.5,,,
CFR0248,F09,RPA013,FRA,175.4,20.0,21.0,6.0,44.0,50.0,50.0,1052.4,,,
CFR0226,G09,RPA013,FRA,53.8,20.0,19.5,18.2,32.0,50.0,50.2,975.3,,,
CGR0421,H09,RPA013,GER,128.1,20.0,20.5,8.0,42.0,50.0,50.0,1024.8,,,
CGR0116,A10,RPA013,GER,129.8,20.0,20.8,8.0,42.0,50.0,50.0,1038.4,,,
CGR0115,B10,RPA013,GER,195.6,20.0,19.6,5.0,45.0,50.0,50.0,978.0,,,
CGR0226,C10,RPA013,GER,104.7,20.0,20.9,10.0,40.0,50.0,50.0,1047.0,,,
CFR0468,D10,RPA013,FRA,50.2,20.0,20.1,20.0,30.0,50.0,50.0,1004.0,,,
CFR0059,E10,RPA013,FRA,25.4,20.0,12.7,25.0,25.0,50.0,50.0,635.0,,,
CFR0116,F10,RPA013,FRA,88.1,20.0,17.6,10.0,40.0,50.0,50.0,881.0,,,
CGR0003,G10,RPA013,GER,661.3,20.0,26.5,2.0,48.0,50.0,50.0,1322.6,,,
CGR0386,H10,RPA013,GER,152,20.0,21.3,7.0,43.0,50.0,50.0,1064.0,,,
CGR0071,A11,RPA013,GER,260.5,20.0,20.8,4.0,46.0,50.0,50.0,1042.0,,,
CFR0233,B11,RPA013,FRA,152.2,20.0,21.3,7.0,43.0,50.0,50.0,1065.4,,,
CAR0786,C11,RPA013,USA,418.7,20.0,19.9,2.4,48.0,50.0,50.4,996.9,,,
CFR0373,D11,RPA013,FRA,150.4,20.0,21.1,7.0,43.0,50.0,50.0,1052.8,,,
CFR0362,E11,RPA013,FRA,95.7,20.0,19.1,10.0,40.0,50.0,50.0,957.0,,,
CFR0367,F11,RPA013,FRA,55.9,20.0,20.1,18.0,32.0,50.0,50.0,1006.2,,,
CAR0425,G11,RPA013,USA,142.1,20.0,20.0,7.0,43.0,50.0,50.0,1000.0,,,
CFR0322,H11,RPA013,FRA,52.5,20.0,20.0,19.0,31.0,50.0,50.0,1000.0,,,
CFR0384,A12,RPA013,FRA,48.7,20.0,20.5,21.0,29.0,50.0,50.0,1022.7,,,
CFR0382,B12,RPA013,FRA,91.9,20.0,18.4,10.0,40.0,50.0,50.0,919.0,,,
CGR0001,C12,RPA013,GER,155.7,20.0,21.8,7.0,43.0,50.0,50.0,1089.9,,,
CFR0131,D12,RPA013,FRA,341.9,20.0,20.5,3.0,47.0,50.0,50.0,1025.7,,,
CGR0034,E12,RPA013,GER,68.9,20.0,20.7,15.0,35.0,50.0,50.0,1033.5,,,
CGR0026,F12,RPA013,GER,38.4,20.0,19.2,25.0,25.0,50.0,50.0,960.0,,,
CGR0359,G12,RPA013,GER,48.9,20.0,20.5,21.0,29.0,50.0,50.0,1026.9,,,
CGR0098,H12,RPA013,GER,23.8,20.0,11.9,25.0,25.0,50.0,50.0,595.0,,,
CGR0315,A01,RPA014,GER,708.7,20.0,28.3,2.0,48.0,50.0,50.0,1417.4,,,
CGR0006,B01,RPA014,GER,100.3,20.0,20.0,10.0,40.0,50.0,50.0,1000.0,,,
CFR0179,C01,RPA014,FRA,31.6,20.0,15.8,25.0,25.0,50.0,50.0,790.0,,,
CFR0340,D01,RPA014,FRA,25.1,20.0,12.6,25.0,25.0,50.0,50.0,627.5,,,
CGR0346,E01,RPA014,GER,577.7,20.0,23.1,2.0,48.0,50.0,50.0,1155.4,,,
EB,F01,RPA014,EB,0,20.0,0.0,25.0,25.0,50.0,50.0,0.0,,,
CGR0068,G01,RPA014,GER,23.7,20.0,11.9,25.0,25.0,50.0,50.0,592.5,,,
CFR0214,H01,RPA014,FRA,44.7,20.0,20.6,23.0,27.0,50.0,50.0,1028.1,,,
CGR0118,A02,RPA014,GER,37.7,20.0,18.9,25.0,25.0,50.0,50.0,942.5,,,
CGR0119,B02,RPA014,GER,313.1,20.0,20.0,3.2,47.0,50.0,50.2,997.9,,,
CGR0067,C02,RPA014,GER,43.4,20.0,20.0,23.0,27.0,50.0,50.0,1000.0,,,
CGR0011,D02,RPA014,GER,58,20.0,19.7,17.0,33.0,50.0,50.0,986.0,,,
CAR0804,E02,RPA014,USA,147.1,20.0,20.6,7.0,43.0,50.0,50.0,1029.7,,,
CGR0289,F02,RPA014,GER,209.1,20.0,20.9,5.0,45.0,50.0,50.0,1045.5,,,
CFR0101,G02,RPA014,FRA,56.4,20.0,20.3,18.0,32.0,50.0,50.0,1015.2,,,
CAR0552,H02,RPA014,USA,186.6,20.0,20.2,5.4,44.6,50.0,50.0,1007.6,,,
CAR0487,A03,RPA014,USA,245.3,20.0,19.6,4.0,46.0,50.0,50.0,981.2,,,
CFR0417,B03,RPA014,FRA,38.4,20.0,19.2,25.0,25.0,50.0,50.0,960.0,,,
CGR0108,C03,RPA014,GER,151.1,20.0,21.2,7.0,43.0,50.0,50.0,1057.7,,,
CGR0156,D03,RPA014,GER,650.2,20.0,26.0,2.0,48.0,50.0,50.0,1300.4,,,
CFR0150,E03,RPA014,FRA,9.2,20.0,4.6,25.0,25.0,50.0,50.0,230.0,,,
CGR0004,F03,RPA014,GER,192.5,20.0,19.9,5.2,45.0,50.0,50.2,997.0,,,
CFR0165,G03,RPA014,FRA,93.7,20.0,18.7,10.0,40.0,50.0,50.0,937.0,,,
CFR0462,H03,RPA014,FRA,281.5,20.0,20.3,3.6,46.4,50.0,50.0,1013.4,,,
CGR0102,A04,RPA014,GER,124.8,20.0,20.0,8.0,42.0,50.0,50.0,1000.0,,,
CGR0200,B04,RPA014,GER,246.9,20.0,19.8,4.0,46.0,50.0,50.0,987.6,,,
CAR0506,C04,RPA014,USA,2.3,20.0,1.2,25.0,25.0,50.0,50.0,57.5,,,
CAR0509,D04,RPA014,USA,13.5,20.0,6.8,25.0,25.0,50.0,50.0,337.5,,,
CAR0510,E04,RPA014,USA,21,20.0,10.5,25.0,25.0,50.0,50.0,525.0,,,
CFR0149,F04,RPA014,FRA,57.6,20.0,20.7,18.0,32.0,50.0,50.0,1036.8,,,
CGR0010,G04,RPA014,GER,249.4,20.0,20.0,4.0,46.0,50.0,50.0,1000.0,,,
CFR0485,H04,RPA014,FRA,526.6,20.0,21.1,2.0,48.0,50.0,50.0,1053.2,,,
CFR0309,A05,RPA014,FRA,39.1,20.0,19.6,25.0,25.0,50.0,50.0,977.5,,,
CFR0472,B05,RPA014,FRA,82.6,20.0,16.5,10.0,40.0,50.0,50.0,826.0,,,
CGR0029,C05,RPA014,GER,17.8,20.0,8.9,25.0,25.0,50.0,50.0,445.0,,,
DEPC,D05,RPA014,DEPC,1.8,20.0,0.9,25.0,25.0,50.0,50.0,45.0,,,
CFR0230,E05,RPA014,FRA,93.7,20.0,18.7,10.0,40.0,50.0,50.0,937.0,,,
CGR0456,F05,RPA014,GER,84,20.0,16.8,10.0,40.0,50.0,50.0,840.0,,,
CFR0051,G05,RPA014,FRA,34.8,20.0,17.4,25.0,25.0,50.0,50.0,870.0,,,
CFR0344,H05,RPA014,FRA,42.4,20.0,20.4,24.0,26.0,50.0,50.0,1017.6,,,
CFR0267,A06,RPA014,FRA,47.1,20.0,20.7,22.0,28.0,50.0,50.0,1036.2,,,
CAR0332,B06,RPA014,USA,140.9,20.0,20.2,7.2,43.0,50.0,50.2,1010.4,,,
CGR0111,C06,RPA014,GER,484,20.0,21.2,2.2,48.0,50.0,50.2,1060.6,,,
CGR0188,D06,RPA014,GER,102.3,20.0,20.5,10.0,40.0,50.0,50.0,1023.0,,,
CGR0114,E06,RPA014,GER,442.1,20.0,21.1,2.4,48.0,50.0,50.4,1052.6,,,
CGR0425,F06,RPA014,GER,94.7,20.0,18.9,10.0,40.0,50.0,50.0,947.0,,,
CFR0180,G06,RPA014,FRA,52.3,20.0,20.9,20.0,30.0,50.0,50.0,1046.0,,,
CFR0477,H06,RPA014,FRA,90.9,20.0,18.2,10.0,40.0,50.0,50.0,909.0,,,
CGR0311,A07,RPA014,GER,372.8,20.0,22.4,3.0,47.0,50.0,50.0,1118.4,,,
CGR0417,B07,RPA014,GER,108.4,20.0,21.7,10.0,40.0,50.0,50.0,1084.0,,,
CFR0347,C07,RPA014,FRA,130.9,20.0,20.9,8.0,42.0,50.0,50.0,1047.2,,,
CAR0492,D07,RPA014,USA,278.6,20.0,20.1,3.6,46.4,50.0,50.0,1003.0,,,
CGR0286,E07,RPA014,GER,250.9,20.0,20.0,4.0,46.0,50.0,50.0,1000.0,,,
CGR0016,F07,RPA014,GER,115.8,20.0,20.8,9.0,41.0,50.0,50.0,1042.2,,,
CAR0488,G07,RPA014,USA,78.8,20.0,15.8,10.0,40.0,50.0,50.0,788.0,,,
CAR0491,H07,RPA014,USA,274.7,20.0,22.0,4.0,46.0,50.0,50.0,1098.8,,,
blank,A08,RPA014,BLANK,6.6,20.0,3.3,25.0,25.0,50.0,50.0,165.0,,,
CGR0307,B08,RPA014,GER,156.2,20.0,21.9,7.0,43.0,50.0,50.0,1093.4,,,
CGR0396,C08,RPA014,GER,163.6,20.0,19.6,6.0,44.0,50.0,50.0,981.6,,,
CFR0339,D08,RPA014,FRA,98.1,20.0,19.6,10.0,40.0,50.0,50.0,981.0,,,
CFR0345,E08,RPA014,FRA,116.7,20.0,21.0,9.0,41.0,50.0,50.0,1050.3,,,
CAR0505,F08,RPA014,USA,34.3,20.0,17.2,25.0,25.0,50.0,50.0,857.5,,,
CGR0348,G08,RPA014,GER,101.6,20.0,20.3,10.0,40.0,50.0,50.0,1016.0,,,
CGR0005,H08,RPA014,GER,423.4,20.0,20.2,2.4,48.0,50.0,50.4,1008.1,,,
CAR0548,A09,RPA014,USA,66.2,20.0,19.9,15.0,35.0,50.0,50.0,993.0,,,
CGR0352,B09,RPA014,GER,173.7,20.0,20.8,6.0,44.0,50.0,50.0,1042.2,,,
CGR0120,C09,RPA014,GER,256.7,20.0,20.5,4.0,46.0,50.0,50.0,1026.8,,,
CAR0507,D09,RPA014,USA,8,20.0,4.0,25.0,25.0,50.0,50.0,200.0,,,
CFR0110,E09,RPA014,FRA,324.8,20.0,26.0,4.0,46.0,50.0,50.0,1299.2,,,
CFR0381,F09,RPA014,FRA,64.8,20.0,19.4,15.0,35.0,50.0,50.0,972.0,,,
CFR0394,G09,RPA014,FRA,123.8,20.0,19.8,8.0,42.0,50.0,50.0,990.4,,,
CGR0109,H09,RPA014,GER,213.3,20.0,21.3,5.0,45.0,50.0,50.0,1066.5,,,
CFR0453,A10,RPA014,FRA,80.1,20.0,16.0,10.0,40.0,50.0,50.0,801.0,,,
CGR0355,B10,RPA014,GER,124.5,20.0,20.0,8.0,42.0,50.0,50.0,1000.0,,,
CGR0356,C10,RPA014,GER,92,20.0,18.4,10.0,40.0,50.0,50.0,920.0,,,
CGR0117,D10,RPA014,GER,163.1,20.0,22.8,7.0,43.0,50.0,50.0,1141.7,,,
CFR0197,E10,RPA014,FRA,256.7,20.0,20.5,4.0,46.0,50.0,50.0,1026.8,,,
CGR0351,F10,RPA014,GER,20.8,20.0,10.4,25.0,25.0,50.0,50.0,520.0,,,
CGR0090,G10,RPA014,GER,155.6,20.0,21.8,7.0,43.0,50.0,50.0,1089.2,,,
CGR0169,H10,RPA014,GER,192.6,20.0,20.0,5.2,45.0,50.0,50.2,997.5,,,
CAR0703,A11,RPA014,USA,21.8,20.0,10.9,25.0,25.0,50.0,50.0,545.0,,,
CFR0368,B11,RPA014,FRA,136.7,20.0,19.6,7.2,43.0,50.0,50.2,980.3,,,
blank,C11,RPA014,BLANK,1.1,20.0,0.6,25.0,25.0,50.0,50.0,27.5,,,